date,city,rainfall_mm,rainfall_mm_7d_avg,rainfall_mm_7d_max,temperature,congestion_level,congestion_level_7d_avg,congestion_level_7d_max,demand_index,demand_index_7d_avg,demand_index_7d_max
2026-05-17,Agra,0.0,0.0,0.0,34.8,0.2,0.2,0.2,0.79,0.79,0.79
2026-05-17,Ahmedabad,0.0,0.0,0.0,36.1,0.53,0.53,0.53,0.94,0.94,0.94
2026-05-17,Ahmednagar,0.0,0.0,0.0,33.5,0.51,0.51,0.51,0.58,0.58,0.58
2026-05-17,Akola,0.0,0.0,0.0,37.2,0.41,0.41,0.41,0.79,0.79,0.79
2026-05-17,Aligarh,0.0,0.0,0.0,33.2,0.47,0.47,0.47,0.93,0.93,0.93
2026-05-17,Allahabad,0.0,0.0,0.0,35.8,0.45,0.45,0.45,0.73,0.73,0.73
2026-05-17,Alwar,0.0,0.0,0.0,33.5,0.44,0.44,0.44,0.74,0.74,0.74
2026-05-17,Amravati,0.0,0.0,0.0,36.0,0.49,0.49,0.49,0.78,0.78,0.78
2026-05-17,Amritsar,0.0,0.0,0.0,32.3,0.26,0.26,0.26,0.54,0.54,0.54
2026-05-17,Anantapur,0.2,0.2,0.2,33.0,0.35,0.35,0.35,0.61,0.61,0.61
2026-05-17,Arrah,0.0,0.0,0.0,33.3,0.48,0.48,0.48,0.69,0.69,0.69
2026-05-17,Asansol,0.2,0.2,0.2,33.2,0.46,0.46,0.46,0.79,0.79,0.79
2026-05-17,Aurangabad,0.0,0.0,0.0,34.8,0.39,0.39,0.39,0.49,0.49,0.49
2026-05-17,Avadi,2.6,2.6,2.6,31.7,0.48,0.48,0.48,0.87,0.87,0.87
2026-05-17,Bangalore,0.0,0.0,0.0,28.3,0.83,0.83,0.83,0.59,0.59,0.59
2026-05-17,Barasat,13.6,13.6,13.6,31.6,0.54,0.54,0.54,0.69,0.69,0.69
2026-05-17,Bardhaman,5.0,5.0,5.0,32.1,0.5,0.5,0.5,0.95,0.95,0.95
2026-05-17,Bareilly,0.0,0.0,0.0,31.8,0.45,0.45,0.45,0.65,0.65,0.65
2026-05-17,Bathinda,0.0,0.0,0.0,34.0,0.43,0.43,0.43,0.83,0.83,0.83
2026-05-17,Begusarai,0.0,0.0,0.0,31.7,0.4,0.4,0.4,0.64,0.64,0.64
2026-05-17,Belgaum,0.5,0.5,0.5,29.7,0.38,0.38,0.38,0.95,0.95,0.95
2026-05-17,Bellary,0.4,0.4,0.4,31.6,0.44,0.44,0.44,0.84,0.84,0.84
2026-05-17,Bhagalpur,0.0,0.0,0.0,30.1,0.64,0.64,0.64,0.56,0.56,0.56
2026-05-17,Bharatpur,0.0,0.0,0.0,33.7,0.46,0.46,0.46,0.7,0.7,0.7
2026-05-17,Bhilwara,0.0,0.0,0.0,35.1,0.44,0.44,0.44,0.61,0.61,0.61
2026-05-17,Bhopal,0.0,0.0,0.0,36.0,0.49,0.49,0.49,0.61,0.61,0.61
2026-05-17,Bhubaneswar,0.0,0.0,0.0,33.1,0.47,0.47,0.47,0.95,0.95,0.95
2026-05-17,Bhusawal,0.0,0.0,0.0,36.8,0.57,0.57,0.57,0.73,0.73,0.73
2026-05-17,Bidar,0.1,0.1,0.1,32.8,0.34,0.34,0.34,0.94,0.94,0.94
2026-05-17,Bijapur,0.0,0.0,0.0,31.7,0.49,0.49,0.49,0.65,0.65,0.65
2026-05-17,Bilaspur,0.0,0.0,0.0,33.3,0.48,0.48,0.48,0.48,0.48,0.48
2026-05-17,Bokaro Steel City,0.2,0.2,0.2,32.6,0.36,0.36,0.36,0.74,0.74,0.74
2026-05-17,Chandigarh,0.0,0.0,0.0,31.5,0.4,0.4,0.4,0.6,0.6,0.6
2026-05-17,Chandrapur,0.0,0.0,0.0,35.7,0.4,0.4,0.4,0.55,0.55,0.55
2026-05-17,Chennai,5.1,5.1,5.1,31.5,0.6,0.6,0.6,0.53,0.53,0.53
2026-05-17,Chikkaballapur,0.3,0.3,0.3,26.6,0.34,0.34,0.34,0.9,0.9,0.9
2026-05-17,Chitradurga,2.3,2.3,2.3,28.8,0.48,0.48,0.48,0.7,0.7,0.7
2026-05-17,Coimbatore,0.7,0.7,0.7,28.9,0.32,0.32,0.32,0.82,0.82,0.82
2026-05-17,Darbhanga,0.0,0.0,0.0,30.2,0.41,0.41,0.41,0.59,0.59,0.59
2026-05-17,Davangere,2.7,2.7,2.7,28.6,0.64,0.64,0.64,0.86,0.86,0.86
2026-05-17,Dehradun,0.0,0.0,0.0,27.2,0.41,0.41,0.41,0.78,0.78,0.78
2026-05-17,Delhi,0.1,0.1,0.1,35.5,0.84,0.84,0.84,0.95,0.95,0.95
2026-05-17,Dewas,0.0,0.0,0.0,35.1,0.51,0.51,0.51,0.84,0.84,0.84
2026-05-17,Dhanbad,0.2,0.2,0.2,32.6,0.59,0.59,0.59,0.67,0.67,0.67
2026-05-17,Dharmapuri,1.4,1.4,1.4,28.9,0.51,0.51,0.51,0.93,0.93,0.93
2026-05-17,Dhule,0.0,0.0,0.0,34.5,0.39,0.39,0.39,0.63,0.63,0.63
2026-05-17,Dindigul,11.3,11.3,11.3,31.1,0.56,0.56,0.56,0.69,0.69,0.69
2026-05-17,Durg,0.0,0.0,0.0,33.5,0.56,0.56,0.56,0.38,0.38,0.38
2026-05-17,Eluru,0.6,0.6,0.6,32.8,0.41,0.41,0.41,0.62,0.62,0.62
2026-05-17,Erode,0.8,0.8,0.8,30.6,0.5,0.5,0.5,0.95,0.95,0.95
2026-05-17,Etawah,0.0,0.0,0.0,33.5,0.42,0.42,0.42,0.78,0.78,0.78
2026-05-17,Faridabad,0.0,0.0,0.0,35.6,0.35,0.35,0.35,0.84,0.84,0.84
2026-05-17,Farrukhabad,0.0,0.0,0.0,32.9,0.53,0.53,0.53,0.95,0.95,0.95
2026-05-17,Gandhinagar,0.0,0.0,0.0,35.5,0.4,0.4,0.4,0.47,0.47,0.47
2026-05-17,Ghaziabad,0.2,0.2,0.2,32.9,0.41,0.41,0.41,0.82,0.82,0.82
2026-05-17,Gorakhpur,0.0,0.0,0.0,32.0,0.43,0.43,0.43,0.51,0.51,0.51
2026-05-17,Greater Noida,0.0,0.0,0.0,33.2,0.4,0.4,0.4,0.81,0.81,0.81
2026-05-17,Gulbarga,0.3,0.3,0.3,34.0,0.53,0.53,0.53,0.91,0.91,0.91
2026-05-17,Gurgaon,0.0,0.0,0.0,33.7,0.39,0.39,0.39,0.67,0.67,0.67
2026-05-17,Guwahati,15.0,15.0,15.0,26.1,0.52,0.52,0.52,0.47,0.47,0.47
2026-05-17,Gwalior,0.0,0.0,0.0,35.7,0.52,0.52,0.52,0.83,0.83,0.83
2026-05-17,Hapur,0.0,0.0,0.0,32.5,0.66,0.66,0.66,0.95,0.95,0.95
2026-05-17,Hassan,0.4,0.4,0.4,25.4,0.55,0.55,0.55,0.85,0.85,0.85
2026-05-17,Hospet,1.6,1.6,1.6,29.5,0.45,0.45,0.45,0.66,0.66,0.66
2026-05-17,Hosur,0.0,0.0,0.0,26.0,0.6,0.6,0.6,0.87,0.87,0.87
2026-05-17,Hubli,1.8,1.8,1.8,30.2,0.56,0.56,0.56,0.95,0.95,0.95
2026-05-17,Hyderabad,0.4,0.4,0.4,32.0,0.56,0.56,0.56,0.52,0.52,0.52
2026-05-17,Ichalkaranji,0.8,0.8,0.8,32.3,0.52,0.52,0.52,0.66,0.66,0.66
2026-05-17,Imphal,8.1,8.1,8.1,24.0,0.41,0.41,0.41,0.89,0.89,0.89
2026-05-17,Indore,0.0,0.0,0.0,35.0,0.64,0.64,0.64,0.65,0.65,0.65
2026-05-17,Jabalpur,0.0,0.0,0.0,35.1,0.57,0.57,0.57,0.64,0.64,0.64
2026-05-17,Jaipur,0.0,0.0,0.0,35.2,0.46,0.46,0.46,0.95,0.95,0.95
2026-05-17,Jalandhar,0.0,0.0,0.0,31.6,0.63,0.63,0.63,0.75,0.75,0.75
2026-05-17,Jalgaon,0.0,0.0,0.0,36.2,0.36,0.36,0.36,0.77,0.77,0.77
2026-05-17,Jalna,0.0,0.0,0.0,35.2,0.52,0.52,0.52,0.79,0.79,0.79
2026-05-17,Jamshedpur,0.5,0.5,0.5,32.3,0.37,0.37,0.37,0.92,0.92,0.92
2026-05-17,Junagadh,0.0,0.0,0.0,32.9,0.39,0.39,0.39,0.95,0.95,0.95
2026-05-17,Kadapa,0.0,0.0,0.0,34.7,0.51,0.51,0.51,0.95,0.95,0.95
2026-05-17,Kalyan,0.0,0.0,0.0,34.4,0.42,0.42,0.42,0.76,0.76,0.76
2026-05-17,Kanpur,0.0,0.0,0.0,36.0,0.58,0.58,0.58,0.72,0.72,0.72
2026-05-17,Kanyakumari,1.0,1.0,1.0,30.0,0.55,0.55,0.55,0.5,0.5,0.5
2026-05-17,Karimnagar,0.1,0.1,0.1,33.2,0.42,0.42,0.42,0.66,0.66,0.66
2026-05-17,Karnal,0.0,0.0,0.0,33.1,0.43,0.43,0.43,0.95,0.95,0.95
2026-05-17,Karur,7.2,7.2,7.2,31.2,0.5,0.5,0.5,0.95,0.95,0.95
2026-05-17,Khammam,0.2,0.2,0.2,31.9,0.3,0.3,0.3,0.55,0.55,0.55
2026-05-17,Kochi,26.6,26.6,26.6,27.1,0.49,0.49,0.49,0.63,0.63,0.63
2026-05-17,Kolar,0.0,0.0,0.0,26.7,0.43,0.43,0.43,0.52,0.52,0.52
2026-05-17,Kolhapur,0.8,0.8,0.8,31.6,0.49,0.49,0.49,0.91,0.91,0.91
2026-05-17,Kolkata,4.8,4.8,4.8,32.0,0.71,0.71,0.71,0.88,0.88,0.88
2026-05-17,Kollam,37.0,37.0,37.0,26.7,0.47,0.47,0.47,0.67,0.67,0.67
2026-05-17,Korba,0.1,0.1,0.1,33.1,0.45,0.45,0.45,0.94,0.94,0.94
2026-05-17,Kozhikode,13.3,13.3,13.3,28.2,0.38,0.38,0.38,0.76,0.76,0.76
2026-05-17,Krishnagiri,0.4,0.4,0.4,29.0,0.61,0.61,0.61,0.78,0.78,0.78
2026-05-17,Kurnool,0.5,0.5,0.5,34.3,0.46,0.46,0.46,0.95,0.95,0.95
2026-05-17,Latur,0.0,0.0,0.0,34.0,0.56,0.56,0.56,0.8,0.8,0.8
2026-05-17,Lucknow,0.0,0.0,0.0,34.8,0.59,0.59,0.59,0.59,0.59,0.59
2026-05-17,Ludhiana,0.0,0.0,0.0,32.4,0.47,0.47,0.47,0.83,0.83,0.83
2026-05-17,Madurai,10.7,10.7,10.7,31.0,0.51,0.51,0.51,0.54,0.54,0.54
2026-05-17,Malegaon,0.0,0.0,0.0,33.8,0.55,0.55,0.55,0.57,0.57,0.57
2026-05-17,Mandya,0.1,0.1,0.1,27.2,0.4,0.4,0.4,0.94,0.94,0.94
2026-05-17,Mangalore,7.0,7.0,7.0,28.2,0.49,0.49,0.49,0.93,0.93,0.93
2026-05-17,Mathura,0.0,0.0,0.0,34.0,0.47,0.47,0.47,0.45,0.45,0.45
2026-05-17,Mau,0.0,0.0,0.0,33.5,0.55,0.55,0.55,0.85,0.85,0.85
2026-05-17,Meerut,0.0,0.0,0.0,33.5,0.34,0.34,0.34,0.57,0.57,0.57
2026-05-17,Mumbai,0.0,0.0,0.0,30.9,0.88,0.88,0.88,0.48,0.48,0.48
2026-05-17,Muzaffarnagar,0.0,0.0,0.0,32.2,0.38,0.38,0.38,0.51,0.51,0.51
2026-05-17,Muzaffarpur,0.0,0.0,0.0,30.9,0.41,0.41,0.41,0.44,0.44,0.44
2026-05-17,Mysore,0.1,0.1,0.1,26.6,0.32,0.32,0.32,0.93,0.93,0.93
2026-05-17,Nagercoil,12.0,12.0,12.0,29.3,0.54,0.54,0.54,0.95,0.95,0.95
2026-05-17,Nagpur,0.0,0.0,0.0,36.2,0.28,0.28,0.28,0.8,0.8,0.8
2026-05-17,Namakkal,5.1,5.1,5.1,31.2,0.36,0.36,0.36,0.61,0.61,0.61
2026-05-17,Nanded,0.0,0.0,0.0,35.4,0.44,0.44,0.44,0.49,0.49,0.49
2026-05-17,Nashik,0.0,0.0,0.0,31.1,0.4,0.4,0.4,0.95,0.95,0.95
2026-05-17,Navi Mumbai,0.0,0.0,0.0,32.8,0.51,0.51,0.51,0.92,0.92,0.92
2026-05-17,Nizamabad,0.0,0.0,0.0,34.1,0.48,0.48,0.48,0.86,0.86,0.86
2026-05-17,Noida,0.1,0.1,0.1,34.0,0.43,0.43,0.43,0.89,0.89,0.89
2026-05-17,Osmanabad,0.0,0.0,0.0,33.2,0.39,0.39,0.39,0.95,0.95,0.95
2026-05-17,Panipat,0.1,0.1,0.1,33.2,0.45,0.45,0.45,0.53,0.53,0.53
2026-05-17,Parbhani,0.0,0.0,0.0,35.3,0.42,0.42,0.42,0.58,0.58,0.58
2026-05-17,Patiala,0.0,0.0,0.0,33.1,0.39,0.39,0.39,0.76,0.76,0.76
2026-05-17,Patna,0.0,0.0,0.0,33.4,0.49,0.49,0.49,0.63,0.63,0.63
2026-05-17,Pune,0.1,0.1,0.1,32.0,0.55,0.55,0.55,0.95,0.95,0.95
2026-05-17,Purnia,0.0,0.0,0.0,28.5,0.49,0.49,0.49,0.9,0.9,0.9
2026-05-17,Raichur,0.6,0.6,0.6,33.3,0.45,0.45,0.45,0.95,0.95,0.95
2026-05-17,Raipur,0.1,0.1,0.1,33.9,0.62,0.62,0.62,0.95,0.95,0.95
2026-05-17,Rajkot,0.0,0.0,0.0,33.3,0.27,0.27,0.27,0.82,0.82,0.82
2026-05-17,Ramanagara,0.1,0.1,0.1,27.6,0.39,0.39,0.39,0.76,0.76,0.76
2026-05-17,Rampur,0.0,0.0,0.0,31.5,0.36,0.36,0.36,0.65,0.65,0.65
2026-05-17,Ratlam,0.0,0.0,0.0,34.8,0.54,0.54,0.54,0.6,0.6,0.6
2026-05-17,Rohtak,0.0,0.0,0.0,33.5,0.36,0.36,0.36,0.95,0.95,0.95
2026-05-17,Rourkela,2.3,2.3,2.3,31.6,0.4,0.4,0.4,0.71,0.71,0.71
2026-05-17,Sagar,0.0,0.0,0.0,35.0,0.35,0.35,0.35,0.79,0.79,0.79
2026-05-17,Salem,1.6,1.6,1.6,30.8,0.56,0.56,0.56,0.95,0.95,0.95
2026-05-17,Sambalpur,0.0,0.0,0.0,32.4,0.43,0.43,0.43,0.64,0.64,0.64
2026-05-17,Sangli,0.1,0.1,0.1,32.4,0.51,0.51,0.51,0.69,0.69,0.69
2026-05-17,Satara,0.1,0.1,0.1,32.4,0.42,0.42,0.42,0.52,0.52,0.52
2026-05-17,Satna,0.0,0.0,0.0,35.5,0.44,0.44,0.44,0.45,0.45,0.45
2026-05-17,Shahjahanpur,0.0,0.0,0.0,32.2,0.38,0.38,0.38,0.62,0.62,0.62
2026-05-17,Shivamogga,3.5,3.5,3.5,27.9,0.53,0.53,0.53,0.62,0.62,0.62
2026-05-17,Sivakasi,3.9,3.9,3.9,32.5,0.46,0.46,0.46,0.65,0.65,0.65
2026-05-17,Solapur,0.0,0.0,0.0,35.1,0.47,0.47,0.47,0.66,0.66,0.66
2026-05-17,Sonipat,0.1,0.1,0.1,32.9,0.56,0.56,0.56,0.91,0.91,0.91
2026-05-17,Srinagar,0.0,0.0,0.0,19.2,0.54,0.54,0.54,0.72,0.72,0.72
2026-05-17,Surat,0.0,0.0,0.0,35.1,0.66,0.66,0.66,0.78,0.78,0.78
2026-05-17,Thane,0.0,0.0,0.0,32.8,0.58,0.58,0.58,0.79,0.79,0.79
2026-05-17,Theni,3.6,3.6,3.6,30.9,0.64,0.64,0.64,0.71,0.71,0.71
2026-05-17,Thiruvananthapuram,32.2,32.2,32.2,26.4,0.64,0.64,0.64,0.73,0.73,0.73
2026-05-17,Thoothukudi,3.2,3.2,3.2,30.8,0.42,0.42,0.42,0.81,0.81,0.81
2026-05-17,Thrissur,25.5,25.5,25.5,27.0,0.46,0.46,0.46,0.95,0.95,0.95
2026-05-17,Tiruchirappalli,3.3,3.3,3.3,30.4,0.48,0.48,0.48,0.63,0.63,0.63
2026-05-17,Tirunelveli,3.5,3.5,3.5,32.5,0.46,0.46,0.46,0.51,0.51,0.51
2026-05-17,Tiruppur,4.8,4.8,4.8,30.8,0.41,0.41,0.41,0.81,0.81,0.81
2026-05-17,Tumakuru,1.0,1.0,1.0,26.8,0.6,0.6,0.6,0.87,0.87,0.87
2026-05-17,Tumkur,1.0,1.0,1.0,26.8,0.59,0.59,0.59,0.65,0.65,0.65
2026-05-17,Udaipur,0.0,0.0,0.0,34.5,0.47,0.47,0.47,0.93,0.93,0.93
2026-05-17,Vadodara,0.0,0.0,0.0,36.0,0.5,0.5,0.5,0.52,0.52,0.52
2026-05-17,Varanasi,0.0,0.0,0.0,36.0,0.36,0.36,0.36,0.86,0.86,0.86
2026-05-17,Vasai,0.3,0.3,0.3,31.1,0.46,0.46,0.46,0.71,0.71,0.71
2026-05-17,Vijayawada,2.6,2.6,2.6,33.6,0.51,0.51,0.51,0.65,0.65,0.65
2026-05-17,Virudhunagar,2.2,2.2,2.2,31.6,0.52,0.52,0.52,0.74,0.74,0.74
2026-05-17,Visakhapatnam,0.0,0.0,0.0,31.0,0.37,0.37,0.37,0.81,0.81,0.81
2026-05-17,Warangal,0.0,0.0,0.0,32.1,0.41,0.41,0.41,0.52,0.52,0.52
2026-05-18,Agra,0.0,0.0,0.0,36.2,0.39,0.29500000000000004,0.39,0.74,0.765,0.79
2026-05-18,Ahmedabad,0.0,0.0,0.0,37.1,0.75,0.64,0.75,0.87,0.905,0.94
2026-05-18,Ahmednagar,0.0,0.0,0.0,33.8,0.32,0.41500000000000004,0.51,0.48,0.53,0.58
2026-05-18,Akola,0.0,0.0,0.0,38.0,0.48,0.44499999999999995,0.48,0.95,0.87,0.95
2026-05-18,Aligarh,0.0,0.0,0.0,34.1,0.56,0.515,0.56,0.78,0.855,0.93
2026-05-18,Allahabad,0.0,0.0,0.0,37.0,0.45,0.45,0.45,0.57,0.6499999999999999,0.73
2026-05-18,Alwar,0.0,0.0,0.0,34.8,0.83,0.635,0.83,0.75,0.745,0.75
2026-05-18,Amravati,0.0,0.0,0.0,37.5,0.44,0.46499999999999997,0.49,0.71,0.745,0.78
2026-05-18,Amritsar,0.0,0.0,0.0,34.0,0.39,0.325,0.39,0.53,0.535,0.54
2026-05-18,Anantapur,0.1,0.15000000000000002,0.2,34.0,0.48,0.415,0.48,0.71,0.6599999999999999,0.71
2026-05-18,Arrah,0.0,0.0,0.0,33.6,0.35,0.415,0.48,0.7,0.695,0.7
2026-05-18,Asansol,0.4,0.30000000000000004,0.4,33.9,0.52,0.49,0.52,0.65,0.72,0.79
2026-05-18,Aurangabad,0.0,0.0,0.0,35.4,0.56,0.47500000000000003,0.56,0.32,0.405,0.49
2026-05-18,Avadi,1.6,2.1,2.6,32.4,0.43,0.45499999999999996,0.48,0.74,0.8049999999999999,0.87
2026-05-18,Bangalore,31.0,15.5,31.0,27.9,0.9,0.865,0.9,0.55,0.5700000000000001,0.59
2026-05-18,Barasat,10.4,12.0,13.6,32.2,0.55,0.545,0.55,0.61,0.6499999999999999,0.69
2026-05-18,Bardhaman,0.0,2.5,5.0,33.6,0.66,0.5800000000000001,0.66,0.72,0.835,0.95
2026-05-18,Bareilly,0.0,0.0,0.0,31.9,0.52,0.485,0.52,0.55,0.6000000000000001,0.65
2026-05-18,Bathinda,0.0,0.0,0.0,35.9,0.38,0.405,0.43,0.62,0.725,0.83
2026-05-18,Begusarai,1.3,0.65,1.3,31.8,0.33,0.365,0.4,0.53,0.585,0.64
2026-05-18,Belgaum,3.2,1.85,3.2,28.7,0.51,0.445,0.51,0.88,0.915,0.95
2026-05-18,Bellary,0.0,0.2,0.4,31.6,0.53,0.485,0.53,0.74,0.79,0.84
2026-05-18,Bhagalpur,0.9,0.45,0.9,30.6,0.56,0.6000000000000001,0.64,0.43,0.495,0.56
2026-05-18,Bharatpur,0.0,0.0,0.0,35.3,0.64,0.55,0.64,0.6,0.6499999999999999,0.7
2026-05-18,Bhilwara,0.0,0.0,0.0,37.0,0.49,0.46499999999999997,0.49,0.5,0.5549999999999999,0.61
2026-05-18,Bhopal,0.0,0.0,0.0,36.9,0.41,0.44999999999999996,0.49,0.46,0.535,0.61
2026-05-18,Bhubaneswar,0.2,0.1,0.2,33.7,0.44,0.45499999999999996,0.47,0.88,0.915,0.95
2026-05-18,Bhusawal,0.0,0.0,0.0,37.7,0.53,0.55,0.57,0.7,0.715,0.73
2026-05-18,Bidar,0.7,0.39999999999999997,0.7,33.2,0.49,0.41500000000000004,0.49,0.73,0.835,0.94
2026-05-18,Bijapur,1.3,0.65,1.3,32.4,0.46,0.475,0.49,0.45,0.55,0.65
2026-05-18,Bilaspur,0.7,0.35,0.7,34.6,0.41,0.44499999999999995,0.48,0.56,0.52,0.56
2026-05-18,Bokaro Steel City,0.0,0.1,0.2,33.4,0.59,0.475,0.59,0.46,0.6,0.74
2026-05-18,Chandigarh,0.0,0.0,0.0,33.1,0.51,0.455,0.51,0.49,0.5449999999999999,0.6
2026-05-18,Chandrapur,0.2,0.1,0.2,36.7,0.59,0.495,0.59,0.46,0.505,0.55
2026-05-18,Chennai,1.2,3.15,5.1,31.6,0.77,0.685,0.77,0.42,0.475,0.53
2026-05-18,Chikkaballapur,2.1,1.2,2.1,27.2,0.59,0.46499999999999997,0.59,0.87,0.885,0.9
2026-05-18,Chitradurga,1.7,2.0,2.3,28.4,0.41,0.44499999999999995,0.48,0.79,0.745,0.79
2026-05-18,Coimbatore,3.2,1.9500000000000002,3.2,28.1,0.38,0.35,0.38,0.7,0.76,0.82
2026-05-18,Darbhanga,0.0,0.0,0.0,30.8,0.52,0.46499999999999997,0.52,0.55,0.5700000000000001,0.59
2026-05-18,Davangere,3.7,3.2,3.7,27.8,0.53,0.585,0.64,0.59,0.725,0.86
2026-05-18,Dehradun,0.0,0.0,0.0,28.1,0.51,0.45999999999999996,0.51,0.72,0.75,0.78
2026-05-18,Delhi,0.0,0.05,0.1,36.6,0.87,0.855,0.87,0.95,0.95,0.95
2026-05-18,Dewas,0.0,0.0,0.0,36.5,0.48,0.495,0.51,0.87,0.855,0.87
2026-05-18,Dhanbad,0.0,0.1,0.2,34.2,0.42,0.505,0.59,0.53,0.6000000000000001,0.67
2026-05-18,Dharmapuri,3.3,2.3499999999999996,3.3,28.9,0.63,0.5700000000000001,0.63,0.88,0.905,0.93
2026-05-18,Dhule,0.0,0.0,0.0,36.4,0.5,0.445,0.5,0.53,0.5800000000000001,0.63
2026-05-18,Dindigul,0.8,6.050000000000001,11.3,30.1,0.61,0.585,0.61,0.48,0.585,0.69
2026-05-18,Durg,0.0,0.0,0.0,34.7,0.62,0.5900000000000001,0.62,0.35,0.365,0.38
2026-05-18,Eluru,0.7,0.6499999999999999,0.7,33.3,0.47,0.43999999999999995,0.47,0.65,0.635,0.65
2026-05-18,Erode,2.3,1.5499999999999998,2.3,30.6,0.46,0.48,0.5,0.91,0.9299999999999999,0.95
2026-05-18,Etawah,0.0,0.0,0.0,34.2,0.47,0.44499999999999995,0.47,0.7,0.74,0.78
2026-05-18,Faridabad,0.0,0.0,0.0,36.5,0.52,0.435,0.52,0.89,0.865,0.89
2026-05-18,Farrukhabad,0.0,0.0,0.0,34.1,0.62,0.575,0.62,0.9,0.925,0.95
2026-05-18,Gandhinagar,0.0,0.0,0.0,36.5,0.47,0.435,0.47,0.48,0.475,0.48
2026-05-18,Ghaziabad,0.0,0.1,0.2,34.1,0.37,0.39,0.41,0.73,0.7749999999999999,0.82
2026-05-18,Gorakhpur,0.0,0.0,0.0,31.8,0.66,0.545,0.66,0.41,0.45999999999999996,0.51
2026-05-18,Greater Noida,0.0,0.0,0.0,34.1,0.58,0.49,0.58,0.78,0.795,0.81
2026-05-18,Gulbarga,5.6,2.9499999999999997,5.6,33.8,0.52,0.525,0.53,0.89,0.9,0.91
2026-05-18,Gurgaon,0.0,0.0,0.0,34.8,0.52,0.455,0.52,0.63,0.65,0.67
2026-05-18,Guwahati,18.6,16.8,18.6,25.4,0.39,0.455,0.52,0.34,0.405,0.47
2026-05-18,Gwalior,0.0,0.0,0.0,37.4,0.61,0.565,0.61,0.66,0.745,0.83
2026-05-18,Hapur,0.0,0.0,0.0,33.1,0.54,0.6000000000000001,0.66,0.9,0.925,0.95
2026-05-18,Hassan,1.8,1.1,1.8,24.8,0.47,0.51,0.55,0.61,0.73,0.85
2026-05-18,Hospet,0.0,0.8,1.6,29.6,0.45,0.45,0.45,0.56,0.6100000000000001,0.66
2026-05-18,Hosur,2.7,1.35,2.7,26.6,0.47,0.5349999999999999,0.6,0.7,0.7849999999999999,0.87
2026-05-18,Hubli,6.0,3.9,6.0,28.9,0.58,0.5700000000000001,0.58,0.93,0.94,0.95
2026-05-18,Hyderabad,0.6,0.5,0.6,32.2,0.58,0.5700000000000001,0.58,0.49,0.505,0.52
2026-05-18,Ichalkaranji,0.1,0.45,0.8,31.0,0.45,0.485,0.52,0.58,0.62,0.66
2026-05-18,Imphal,1.0,4.55,8.1,23.8,0.5,0.45499999999999996,0.5,0.59,0.74,0.89
2026-05-18,Indore,0.0,0.0,0.0,36.2,0.53,0.585,0.64,0.57,0.61,0.65
2026-05-18,Jabalpur,0.0,0.0,0.0,36.3,0.44,0.505,0.57,0.56,0.6000000000000001,0.64
2026-05-18,Jaipur,0.0,0.0,0.0,36.7,0.59,0.525,0.59,0.85,0.8999999999999999,0.95
2026-05-18,Jalandhar,0.0,0.0,0.0,33.5,0.37,0.5,0.63,0.58,0.665,0.75
2026-05-18,Jalgaon,0.0,0.0,0.0,37.4,0.41,0.385,0.41,0.65,0.71,0.77
2026-05-18,Jalna,0.0,0.0,0.0,36.0,0.55,0.535,0.55,0.74,0.765,0.79
2026-05-18,Jamshedpur,0.0,0.25,0.5,33.5,0.45,0.41000000000000003,0.45,0.85,0.885,0.92
2026-05-18,Junagadh,0.0,0.0,0.0,32.8,0.57,0.48,0.57,0.74,0.845,0.95
2026-05-18,Kadapa,0.3,0.15,0.3,34.4,0.45,0.48,0.51,0.72,0.835,0.95
2026-05-18,Kalyan,1.5,0.75,1.5,34.1,0.55,0.485,0.55,0.66,0.71,0.76
2026-05-18,Kanpur,0.0,0.0,0.0,37.0,0.5,0.54,0.58,0.7,0.71,0.72
2026-05-18,Kanyakumari,0.4,0.7,1.0,29.1,0.51,0.53,0.55,0.6,0.55,0.6
2026-05-18,Karimnagar,0.0,0.05,0.1,33.6,0.57,0.495,0.57,0.59,0.625,0.66
2026-05-18,Karnal,0.0,0.0,0.0,34.5,0.47,0.44999999999999996,0.47,0.73,0.84,0.95
2026-05-18,Karur,1.4,4.3,7.2,31.1,0.46,0.48,0.5,0.82,0.885,0.95
2026-05-18,Khammam,0.0,0.1,0.2,32.5,0.55,0.42500000000000004,0.55,0.49,0.52,0.55
2026-05-18,Kochi,8.8,17.700000000000003,26.6,27.7,0.64,0.565,0.64,0.69,0.6599999999999999,0.69
2026-05-18,Kolar,8.6,4.3,8.6,27.5,0.57,0.5,0.57,0.44,0.48,0.52
2026-05-18,Kolhapur,0.9,0.8500000000000001,0.9,30.3,0.74,0.615,0.74,0.8,0.855,0.91
2026-05-18,Kolkata,6.5,5.65,6.5,33.1,0.84,0.7749999999999999,0.84,0.65,0.765,0.88
2026-05-18,Kollam,9.0,23.0,37.0,27.3,0.59,0.53,0.59,0.57,0.62,0.67
2026-05-18,Korba,0.5,0.3,0.5,34.1,0.36,0.405,0.45,0.95,0.945,0.95
2026-05-18,Kozhikode,23.5,18.4,23.5,26.5,0.38,0.38,0.38,0.71,0.735,0.76
2026-05-18,Krishnagiri,15.4,7.9,15.4,29.0,0.6,0.605,0.61,0.58,0.6799999999999999,0.78
2026-05-18,Kurnool,0.0,0.25,0.5,34.0,0.67,0.5650000000000001,0.67,0.67,0.81,0.95
2026-05-18,Latur,0.0,0.0,0.0,34.8,0.57,0.565,0.57,0.69,0.745,0.8
2026-05-18,Lucknow,0.0,0.0,0.0,36.3,0.61,0.6,0.61,0.42,0.505,0.59
2026-05-18,Ludhiana,0.0,0.0,0.0,33.9,0.42,0.44499999999999995,0.47,0.69,0.76,0.83
2026-05-18,Madurai,0.9,5.8,10.7,30.9,0.62,0.565,0.62,0.57,0.5549999999999999,0.57
2026-05-18,Malegaon,0.0,0.0,0.0,35.4,0.6,0.575,0.6,0.54,0.5549999999999999,0.57
2026-05-18,Mandya,2.6,1.35,2.6,27.6,0.61,0.505,0.61,0.83,0.885,0.94
2026-05-18,Mangalore,26.1,16.55,26.1,26.4,0.38,0.435,0.49,0.85,0.89,0.93
2026-05-18,Mathura,0.0,0.0,0.0,35.8,0.52,0.495,0.52,0.47,0.45999999999999996,0.47
2026-05-18,Mau,0.0,0.0,0.0,33.8,0.54,0.545,0.55,0.79,0.8200000000000001,0.85
2026-05-18,Meerut,0.0,0.0,0.0,34.5,0.54,0.44000000000000006,0.54,0.61,0.59,0.61
2026-05-18,Mumbai,0.0,0.0,0.0,30.8,0.85,0.865,0.88,0.37,0.425,0.48
2026-05-18,Muzaffarnagar,0.0,0.0,0.0,33.4,0.6,0.49,0.6,0.31,0.41000000000000003,0.51
2026-05-18,Muzaffarpur,0.0,0.0,0.0,31.1,0.5,0.45499999999999996,0.5,0.44,0.44,0.44
2026-05-18,Mysore,3.1,1.6,3.1,26.6,0.44,0.38,0.44,0.86,0.895,0.93
2026-05-18,Nagercoil,0.9,6.45,12.0,28.1,0.64,0.5900000000000001,0.64,0.93,0.94,0.95
2026-05-18,Nagpur,0.0,0.0,0.0,37.8,0.38,0.33,0.38,0.73,0.765,0.8
2026-05-18,Namakkal,1.1,3.0999999999999996,5.1,31.0,0.45,0.405,0.45,0.53,0.5700000000000001,0.61
2026-05-18,Nanded,0.0,0.0,0.0,37.0,0.53,0.485,0.53,0.42,0.45499999999999996,0.49
2026-05-18,Nashik,0.0,0.0,0.0,32.0,0.5,0.45,0.5,0.88,0.915,0.95
2026-05-18,Navi Mumbai,0.0,0.0,0.0,31.8,0.72,0.615,0.72,0.95,0.935,0.95
2026-05-18,Nizamabad,0.2,0.1,0.2,35.1,0.43,0.45499999999999996,0.48,0.73,0.7949999999999999,0.86
2026-05-18,Noida,0.0,0.05,0.1,34.8,0.71,0.57,0.71,0.8,0.845,0.89
2026-05-18,Osmanabad,0.0,0.0,0.0,34.1,0.45,0.42000000000000004,0.45,0.74,0.845,0.95
2026-05-18,Panipat,0.0,0.05,0.1,34.8,0.4,0.42500000000000004,0.45,0.43,0.48,0.53
2026-05-18,Parbhani,0.0,0.0,0.0,35.9,0.7,0.5599999999999999,0.7,0.76,0.6699999999999999,0.76
2026-05-18,Patiala,0.0,0.0,0.0,34.5,0.51,0.45,0.51,0.79,0.775,0.79
2026-05-18,Patna,0.0,0.0,0.0,32.6,0.57,0.53,0.57,0.5,0.565,0.63
2026-05-18,Pune,0.2,0.15000000000000002,0.2,32.5,0.79,0.67,0.79,0.83,0.8899999999999999,0.95
2026-05-18,Purnia,0.1,0.05,0.1,28.9,0.54,0.515,0.54,0.82,0.86,0.9
2026-05-18,Raichur,0.0,0.3,0.6,33.4,0.48,0.46499999999999997,0.48,0.94,0.945,0.95
2026-05-18,Raipur,0.1,0.1,0.1,35.1,0.51,0.565,0.62,0.89,0.9199999999999999,0.95
2026-05-18,Rajkot,0.0,0.0,0.0,32.7,0.27,0.27,0.27,0.58,0.7,0.82
2026-05-18,Ramanagara,8.0,4.05,8.0,27.7,0.56,0.47500000000000003,0.56,0.57,0.665,0.76
2026-05-18,Rampur,0.0,0.0,0.0,31.9,0.47,0.415,0.47,0.53,0.5900000000000001,0.65
2026-05-18,Ratlam,0.0,0.0,0.0,35.5,0.66,0.6000000000000001,0.66,0.4,0.5,0.6
2026-05-18,Rohtak,0.0,0.0,0.0,34.6,0.43,0.395,0.43,0.91,0.9299999999999999,0.95
2026-05-18,Rourkela,0.3,1.2999999999999998,2.3,33.5,0.42,0.41000000000000003,0.42,0.68,0.6950000000000001,0.71
2026-05-18,Sagar,0.0,0.0,0.0,36.0,0.49,0.42,0.49,0.5,0.645,0.79
2026-05-18,Salem,3.2,2.4000000000000004,3.2,30.2,0.41,0.485,0.56,0.73,0.84,0.95
2026-05-18,Sambalpur,0.2,0.1,0.2,34.2,0.47,0.44999999999999996,0.47,0.64,0.64,0.64
2026-05-18,Sangli,0.8,0.45,0.8,32.0,0.49,0.5,0.51,0.67,0.6799999999999999,0.69
2026-05-18,Satara,0.1,0.1,0.1,31.6,0.64,0.53,0.64,0.5,0.51,0.52
2026-05-18,Satna,0.0,0.0,0.0,35.8,0.48,0.45999999999999996,0.48,0.35,0.4,0.45
2026-05-18,Shahjahanpur,0.0,0.0,0.0,32.7,0.68,0.53,0.68,0.65,0.635,0.65
2026-05-18,Shivamogga,4.3,3.9,4.3,26.9,0.64,0.585,0.64,0.4,0.51,0.62
2026-05-18,Sivakasi,3.0,3.45,3.9,32.1,0.57,0.515,0.57,0.48,0.565,0.65
2026-05-18,Solapur,0.4,0.2,0.4,34.9,0.51,0.49,0.51,0.68,0.67,0.68
2026-05-18,Sonipat,0.0,0.05,0.1,34.0,0.48,0.52,0.56,0.95,0.9299999999999999,0.95
2026-05-18,Srinagar,0.0,0.0,0.0,20.1,0.41,0.475,0.54,0.74,0.73,0.74
2026-05-18,Surat,0.0,0.0,0.0,34.0,0.72,0.69,0.72,0.74,0.76,0.78
2026-05-18,Thane,0.0,0.0,0.0,32.6,0.73,0.655,0.73,0.77,0.78,0.79
2026-05-18,Theni,1.6,2.6,3.6,30.9,0.56,0.6000000000000001,0.64,0.65,0.6799999999999999,0.71
2026-05-18,Thiruvananthapuram,7.1,19.650000000000002,32.2,26.9,0.58,0.61,0.64,0.65,0.69,0.73
2026-05-18,Thoothukudi,1.1,2.1500000000000004,3.2,30.7,0.63,0.525,0.63,0.75,0.78,0.81
2026-05-18,Thrissur,5.9,15.7,25.5,26.9,0.71,0.585,0.71,0.84,0.895,0.95
2026-05-18,Tiruchirappalli,1.2,2.25,3.3,30.6,0.42,0.44999999999999996,0.48,0.52,0.575,0.63
2026-05-18,Tirunelveli,3.0,3.25,3.5,31.6,0.46,0.46,0.46,0.38,0.445,0.51
2026-05-18,Tiruppur,1.3,3.05,4.8,29.9,0.35,0.38,0.41,0.75,0.78,0.81
2026-05-18,Tumakuru,7.6,4.3,7.6,27.8,0.27,0.435,0.6,0.76,0.815,0.87
2026-05-18,Tumkur,7.6,4.3,7.6,27.8,0.67,0.63,0.67,0.55,0.6000000000000001,0.65
2026-05-18,Udaipur,0.0,0.0,0.0,35.4,0.44,0.45499999999999996,0.47,0.78,0.855,0.93
2026-05-18,Vadodara,0.0,0.0,0.0,37.3,0.47,0.485,0.5,0.67,0.595,0.67
2026-05-18,Varanasi,0.0,0.0,0.0,37.1,0.54,0.45,0.54,0.81,0.835,0.86
2026-05-18,Vasai,0.0,0.15,0.3,30.6,0.57,0.515,0.57,0.61,0.6599999999999999,0.71
2026-05-18,Vijayawada,0.1,1.35,2.6,33.9,0.54,0.525,0.54,0.55,0.6000000000000001,0.65
2026-05-18,Virudhunagar,1.0,1.6,2.2,31.8,0.33,0.42500000000000004,0.52,0.76,0.75,0.76
2026-05-18,Visakhapatnam,0.0,0.0,0.0,31.8,0.51,0.44,0.51,0.57,0.69,0.81
2026-05-18,Warangal,0.0,0.0,0.0,32.2,0.76,0.585,0.76,0.54,0.53,0.54
2026-05-19,Agra,0.0,0.0,0.0,38.2,0.41,0.3333333333333333,0.41,0.73,0.7533333333333333,0.79
2026-05-19,Ahmedabad,0.0,0.0,0.0,35.6,0.6,0.6266666666666666,0.75,0.95,0.9199999999999999,0.95
2026-05-19,Ahmednagar,0.0,0.0,0.0,32.9,0.45,0.4266666666666667,0.51,0.45,0.5033333333333333,0.58
2026-05-19,Akola,0.0,0.0,0.0,38.4,0.42,0.4366666666666667,0.48,0.76,0.8333333333333334,0.95
2026-05-19,Aligarh,0.0,0.0,0.0,36.5,0.63,0.5533333333333333,0.63,0.81,0.84,0.93
2026-05-19,Allahabad,0.0,0.0,0.0,36.9,0.34,0.41333333333333333,0.45,0.53,0.61,0.73
2026-05-19,Alwar,0.0,0.0,0.0,35.9,0.44,0.57,0.83,0.63,0.7066666666666667,0.75
2026-05-19,Amravati,0.0,0.0,0.0,37.9,0.59,0.5066666666666667,0.59,0.79,0.7600000000000001,0.79
2026-05-19,Amritsar,0.0,0.0,0.0,35.0,0.41,0.35333333333333333,0.41,0.34,0.47000000000000003,0.54
2026-05-19,Anantapur,0.0,0.10000000000000002,0.2,32.5,0.46,0.43,0.48,0.62,0.6466666666666666,0.71
2026-05-19,Arrah,0.0,0.0,0.0,31.8,0.53,0.4533333333333333,0.53,0.58,0.6566666666666666,0.7
2026-05-19,Asansol,0.0,0.20000000000000004,0.4,32.2,0.51,0.49666666666666665,0.52,0.66,0.7000000000000001,0.79
2026-05-19,Aurangabad,0.0,0.0,0.0,34.2,0.47,0.47333333333333333,0.56,0.5,0.4366666666666667,0.5
2026-05-19,Avadi,0.3,1.5,2.6,32.9,0.55,0.48666666666666664,0.55,0.83,0.8133333333333334,0.87
2026-05-19,Bangalore,2.9,11.299999999999999,31.0,25.2,0.75,0.8266666666666667,0.9,0.5,0.5466666666666667,0.59
2026-05-19,Barasat,0.1,8.033333333333333,13.6,31.8,0.44,0.51,0.55,0.56,0.62,0.69
2026-05-19,Bardhaman,0.4,1.8,5.0,32.3,0.43,0.53,0.66,0.78,0.8166666666666668,0.95
2026-05-19,Bareilly,0.0,0.0,0.0,33.0,0.59,0.52,0.59,0.53,0.5766666666666667,0.65
2026-05-19,Bathinda,0.0,0.0,0.0,36.2,0.49,0.43333333333333335,0.49,0.68,0.71,0.83
2026-05-19,Begusarai,0.0,0.43333333333333335,1.3,30.1,0.59,0.44,0.59,0.53,0.5666666666666668,0.64
2026-05-19,Belgaum,3.3,2.3333333333333335,3.3,26.4,0.45,0.4466666666666667,0.51,0.81,0.88,0.95
2026-05-19,Bellary,0.1,0.16666666666666666,0.4,31.2,0.45,0.47333333333333333,0.53,0.72,0.7666666666666666,0.84
2026-05-19,Bhagalpur,0.2,0.3666666666666667,0.9,29.8,0.72,0.64,0.72,0.41,0.4666666666666666,0.56
2026-05-19,Bharatpur,0.0,0.0,0.0,37.1,0.52,0.54,0.64,0.78,0.6933333333333334,0.78
2026-05-19,Bhilwara,0.0,0.0,0.0,35.2,0.37,0.43333333333333335,0.49,0.58,0.5633333333333334,0.61
2026-05-19,Bhopal,0.0,0.0,0.0,37.4,0.64,0.5133333333333333,0.64,0.49,0.52,0.61
2026-05-19,Bhubaneswar,0.8,0.3333333333333333,0.8,34.3,0.69,0.5333333333333333,0.69,0.86,0.8966666666666666,0.95
2026-05-19,Bhusawal,0.0,0.0,0.0,36.6,0.49,0.5299999999999999,0.57,0.69,0.7066666666666667,0.73
2026-05-19,Bidar,2.9,1.2333333333333332,2.9,32.6,0.61,0.48,0.61,0.76,0.8099999999999999,0.94
2026-05-19,Bijapur,1.2,0.8333333333333334,1.3,30.8,0.44,0.4633333333333334,0.49,0.68,0.5933333333333334,0.68
2026-05-19,Bilaspur,0.1,0.26666666666666666,0.7,35.0,0.54,0.4766666666666666,0.54,0.46,0.5,0.56
2026-05-19,Bokaro Steel City,0.0,0.06666666666666667,0.2,31.5,0.67,0.54,0.67,0.78,0.66,0.78
2026-05-19,Chandigarh,0.0,0.0,0.0,35.4,0.41,0.44,0.51,0.62,0.57,0.62
2026-05-19,Chandrapur,0.2,0.13333333333333333,0.2,37.1,0.64,0.5433333333333333,0.64,0.38,0.4633333333333334,0.55
2026-05-19,Chennai,0.2,2.1666666666666665,5.1,33.1,0.67,0.68,0.77,0.3,0.4166666666666667,0.53
2026-05-19,Chikkaballapur,1.5,1.3,2.1,26.0,0.47,0.4666666666666666,0.59,0.73,0.8333333333333334,0.9
2026-05-19,Chitradurga,1.5,1.8333333333333333,2.3,26.2,0.63,0.5066666666666667,0.63,0.71,0.7333333333333334,0.79
2026-05-19,Coimbatore,0.0,1.3,3.2,29.0,0.66,0.45333333333333337,0.66,0.6,0.7066666666666667,0.82
2026-05-19,Darbhanga,0.0,0.0,0.0,30.2,0.36,0.43,0.52,0.6,0.58,0.6
2026-05-19,Davangere,0.4,2.266666666666667,3.7,26.9,0.51,0.56,0.64,0.95,0.7999999999999999,0.95
2026-05-19,Dehradun,0.0,0.0,0.0,29.0,0.56,0.49333333333333335,0.56,0.7,0.7333333333333334,0.78
2026-05-19,Delhi,0.0,0.03333333333333333,0.1,37.8,0.89,0.8666666666666667,0.89,0.88,0.9266666666666666,0.95
2026-05-19,Dewas,0.0,0.0,0.0,36.6,0.45,0.48,0.51,0.73,0.8133333333333334,0.87
2026-05-19,Dhanbad,0.2,0.13333333333333333,0.2,32.7,0.43,0.48,0.59,0.6,0.6,0.67
2026-05-19,Dharmapuri,1.1,1.9333333333333333,3.3,29.0,0.53,0.5566666666666666,0.63,0.87,0.8933333333333334,0.93
2026-05-19,Dhule,0.0,0.0,0.0,35.5,0.56,0.4833333333333334,0.56,0.54,0.5666666666666668,0.63
2026-05-19,Dindigul,0.6,4.233333333333333,11.3,31.2,0.56,0.5766666666666667,0.61,0.61,0.5933333333333333,0.69
2026-05-19,Durg,0.0,0.0,0.0,35.6,0.47,0.5499999999999999,0.62,0.48,0.4033333333333333,0.48
2026-05-19,Eluru,0.0,0.4333333333333333,0.7,33.9,0.43,0.4366666666666667,0.47,0.52,0.5966666666666667,0.65
2026-05-19,Erode,0.8,1.2999999999999998,2.3,31.6,0.51,0.49,0.51,0.95,0.9366666666666666,0.95
2026-05-19,Etawah,0.0,0.0,0.0,35.5,0.38,0.42333333333333334,0.47,0.69,0.7233333333333333,0.78
2026-05-19,Faridabad,0.0,0.0,0.0,37.8,0.29,0.38666666666666666,0.52,0.73,0.82,0.89
2026-05-19,Farrukhabad,0.0,0.0,0.0,34.5,0.46,0.5366666666666667,0.62,0.95,0.9333333333333332,0.95
2026-05-19,Gandhinagar,0.0,0.0,0.0,35.0,0.29,0.38666666666666666,0.47,0.5,0.48333333333333334,0.5
2026-05-19,Ghaziabad,0.0,0.06666666666666667,0.2,36.8,0.59,0.4566666666666666,0.59,0.67,0.7399999999999999,0.82
2026-05-19,Gorakhpur,0.0,0.0,0.0,32.0,0.42,0.5033333333333333,0.66,0.48,0.4666666666666666,0.51
2026-05-19,Greater Noida,0.0,0.0,0.0,36.0,0.54,0.5066666666666667,0.58,0.79,0.7933333333333333,0.81
2026-05-19,Gulbarga,0.9,2.2666666666666666,5.6,33.3,0.43,0.49333333333333335,0.53,0.85,0.8833333333333333,0.91
2026-05-19,Gurgaon,0.0,0.0,0.0,36.4,0.37,0.4266666666666667,0.52,0.63,0.6433333333333334,0.67
2026-05-19,Guwahati,3.5,12.366666666666667,18.6,27.1,0.7,0.5366666666666666,0.7,0.31,0.37333333333333335,0.47
2026-05-19,Gwalior,0.0,0.0,0.0,38.2,0.47,0.5333333333333333,0.61,0.68,0.7233333333333333,0.83
2026-05-19,Hapur,0.0,0.0,0.0,35.1,0.54,0.5800000000000001,0.66,0.9,0.9166666666666666,0.95
2026-05-19,Hassan,8.9,3.7000000000000006,8.9,24.2,0.47,0.49666666666666665,0.55,0.59,0.6833333333333332,0.85
2026-05-19,Hospet,0.0,0.5333333333333333,1.6,29.1,0.49,0.4633333333333334,0.49,0.57,0.5966666666666667,0.66
2026-05-19,Hosur,4.9,2.5333333333333337,4.9,25.5,0.37,0.48,0.6,0.87,0.8133333333333334,0.87
2026-05-19,Hubli,1.1,2.966666666666667,6.0,26.6,0.53,0.5566666666666666,0.58,0.95,0.9433333333333334,0.95
2026-05-19,Hyderabad,0.3,0.43333333333333335,0.6,33.0,0.66,0.6,0.66,0.35,0.4533333333333333,0.52
2026-05-19,Ichalkaranji,5.7,2.2,5.7,28.3,0.54,0.5033333333333333,0.54,0.49,0.5766666666666667,0.66
2026-05-19,Imphal,0.5,3.1999999999999997,8.1,24.6,0.45,0.4533333333333333,0.5,0.81,0.7633333333333333,0.89
2026-05-19,Indore,0.0,0.0,0.0,36.0,0.53,0.5666666666666668,0.64,0.78,0.6666666666666666,0.78
2026-05-19,Jabalpur,0.0,0.0,0.0,36.6,0.44,0.48333333333333334,0.57,0.58,0.5933333333333334,0.64
2026-05-19,Jaipur,0.0,0.0,0.0,37.2,0.55,0.5333333333333333,0.59,0.78,0.86,0.95
2026-05-19,Jalandhar,0.0,0.0,0.0,35.2,0.37,0.4566666666666667,0.63,0.66,0.6633333333333333,0.75
2026-05-19,Jalgaon,0.0,0.0,0.0,36.2,0.71,0.49333333333333335,0.71,0.75,0.7233333333333333,0.77
2026-05-19,Jalna,0.0,0.0,0.0,35.7,0.45,0.5066666666666667,0.55,0.79,0.7733333333333334,0.79
2026-05-19,Jamshedpur,0.0,0.16666666666666666,0.5,34.2,0.4,0.4066666666666667,0.45,0.84,0.87,0.92
2026-05-19,Junagadh,0.0,0.0,0.0,32.6,0.55,0.5033333333333333,0.57,0.81,0.8333333333333334,0.95
2026-05-19,Kadapa,0.0,0.09999999999999999,0.3,34.6,0.56,0.5066666666666667,0.56,0.95,0.8733333333333334,0.95
2026-05-19,Kalyan,0.0,0.5,1.5,32.7,0.63,0.5333333333333333,0.63,0.64,0.6866666666666666,0.76
2026-05-19,Kanpur,0.0,0.0,0.0,38.0,0.6,0.5599999999999999,0.6,0.73,0.7166666666666667,0.73
2026-05-19,Kanyakumari,4.6,2.0,4.6,28.8,0.35,0.47000000000000003,0.55,0.57,0.5566666666666666,0.6
2026-05-19,Karimnagar,0.0,0.03333333333333333,0.1,34.2,0.49,0.49333333333333335,0.57,0.43,0.5599999999999999,0.66
2026-05-19,Karnal,0.0,0.0,0.0,35.3,0.46,0.4533333333333333,0.47,0.73,0.8033333333333333,0.95
2026-05-19,Karur,0.4,3.0,7.2,31.8,0.51,0.49,0.51,0.95,0.9066666666666666,0.95
2026-05-19,Khammam,0.0,0.06666666666666667,0.2,32.8,0.51,0.45333333333333337,0.55,0.47,0.5033333333333333,0.55
2026-05-19,Kochi,16.3,17.233333333333334,26.6,28.0,0.44,0.5233333333333333,0.64,0.63,0.65,0.69
2026-05-19,Kolar,3.6,4.066666666666666,8.6,26.5,0.43,0.4766666666666666,0.57,0.59,0.5166666666666667,0.59
2026-05-19,Kolhapur,7.2,2.966666666666667,7.2,27.3,0.53,0.5866666666666667,0.74,0.95,0.8866666666666667,0.95
2026-05-19,Kolkata,0.3,3.8666666666666667,6.5,32.4,0.65,0.7333333333333334,0.84,0.72,0.75,0.88
2026-05-19,Kollam,9.8,18.599999999999998,37.0,28.4,0.51,0.5233333333333333,0.59,0.58,0.6066666666666666,0.67
2026-05-19,Korba,0.0,0.19999999999999998,0.5,34.0,0.45,0.42,0.45,0.9,0.93,0.95
2026-05-19,Kozhikode,7.7,14.833333333333334,23.5,27.4,0.47,0.41,0.47,0.65,0.7066666666666667,0.76
2026-05-19,Krishnagiri,0.9,5.566666666666666,15.4,28.5,0.51,0.5733333333333334,0.61,0.54,0.6333333333333333,0.78
2026-05-19,Kurnool,0.0,0.16666666666666666,0.5,34.3,0.59,0.5733333333333334,0.67,0.77,0.7966666666666667,0.95
2026-05-19,Latur,0.1,0.03333333333333333,0.1,34.3,0.43,0.52,0.57,0.9,0.7966666666666667,0.9
2026-05-19,Lucknow,0.0,0.0,0.0,36.0,0.68,0.6266666666666666,0.68,0.5,0.5033333333333333,0.59
2026-05-19,Ludhiana,0.0,0.0,0.0,35.8,0.32,0.4033333333333333,0.47,0.59,0.7033333333333333,0.83
2026-05-19,Madurai,0.6,4.066666666666666,10.7,31.4,0.44,0.5233333333333333,0.62,0.39,0.5,0.57
2026-05-19,Malegaon,0.3,0.09999999999999999,0.3,34.0,0.63,0.5933333333333334,0.63,0.52,0.5433333333333333,0.57
2026-05-19,Mandya,6.9,3.2000000000000006,6.9,26.7,0.5,0.5033333333333333,0.61,0.95,0.9066666666666666,0.95
2026-05-19,Mangalore,28.3,20.46666666666667,28.3,26.9,0.57,0.48,0.57,0.95,0.91,0.95
2026-05-19,Mathura,0.0,0.0,0.0,37.9,0.46,0.48333333333333334,0.52,0.44,0.4533333333333333,0.47
2026-05-19,Mau,0.0,0.0,0.0,33.0,0.42,0.5033333333333333,0.55,0.86,0.8333333333333334,0.86
2026-05-19,Meerut,0.0,0.0,0.0,35.5,0.55,0.47666666666666674,0.55,0.48,0.5533333333333333,0.61
2026-05-19,Mumbai,0.0,0.0,0.0,30.4,0.87,0.8666666666666667,0.88,0.43,0.4266666666666667,0.48
2026-05-19,Muzaffarnagar,0.0,0.0,0.0,33.8,0.58,0.52,0.6,0.4,0.4066666666666667,0.51
2026-05-19,Muzaffarpur,0.0,0.0,0.0,30.6,0.48,0.4633333333333333,0.5,0.47,0.45,0.47
2026-05-19,Mysore,4.7,2.6333333333333333,4.7,26.3,0.47,0.41,0.47,0.93,0.9066666666666667,0.93
2026-05-19,Nagercoil,6.8,6.566666666666666,12.0,27.6,0.54,0.5733333333333334,0.64,0.76,0.88,0.95
2026-05-19,Nagpur,0.0,0.0,0.0,38.5,0.61,0.42333333333333334,0.61,0.72,0.75,0.8
2026-05-19,Namakkal,1.3,2.5,5.1,32.2,0.63,0.48,0.63,0.4,0.5133333333333333,0.61
2026-05-19,Nanded,0.0,0.0,0.0,37.0,0.69,0.5533333333333333,0.69,0.46,0.4566666666666667,0.49
2026-05-19,Nashik,0.1,0.03333333333333333,0.1,31.1,0.39,0.43,0.5,0.92,0.9166666666666666,0.95
2026-05-19,Navi Mumbai,0.0,0.0,0.0,31.1,0.78,0.6699999999999999,0.78,0.95,0.94,0.95
2026-05-19,Nizamabad,1.0,0.39999999999999997,1.0,35.0,0.53,0.48,0.53,0.73,0.7733333333333333,0.86
2026-05-19,Noida,0.0,0.03333333333333333,0.1,36.5,0.5,0.5466666666666666,0.71,0.8,0.8300000000000001,0.89
2026-05-19,Osmanabad,0.1,0.03333333333333333,0.1,33.5,0.48,0.44,0.48,0.78,0.8233333333333333,0.95
2026-05-19,Panipat,0.0,0.03333333333333333,0.1,35.9,0.7,0.5166666666666667,0.7,0.49,0.48333333333333334,0.53
2026-05-19,Parbhani,0.0,0.0,0.0,36.5,0.46,0.5266666666666666,0.7,0.68,0.6733333333333333,0.76
2026-05-19,Patiala,0.0,0.0,0.0,36.4,0.65,0.5166666666666667,0.65,0.66,0.7366666666666667,0.79
2026-05-19,Patna,0.0,0.0,0.0,31.0,0.54,0.5333333333333333,0.57,0.6,0.5766666666666667,0.63
2026-05-19,Pune,2.0,0.7666666666666666,2.0,30.6,0.84,0.7266666666666667,0.84,0.82,0.8666666666666666,0.95
2026-05-19,Purnia,0.1,0.06666666666666667,0.1,28.2,0.72,0.5833333333333334,0.72,0.77,0.8300000000000001,0.9
2026-05-19,Raichur,0.1,0.2333333333333333,0.6,33.6,0.51,0.48,0.51,0.8,0.8966666666666666,0.95
2026-05-19,Raipur,0.0,0.06666666666666667,0.1,36.0,0.52,0.5499999999999999,0.62,0.93,0.9233333333333333,0.95
2026-05-19,Rajkot,0.0,0.0,0.0,33.3,0.49,0.3433333333333333,0.49,0.8,0.7333333333333334,0.82
2026-05-19,Ramanagara,5.7,4.6000000000000005,8.0,26.9,0.58,0.51,0.58,0.67,0.6666666666666666,0.76
2026-05-19,Rampur,0.0,0.0,0.0,32.8,0.61,0.48,0.61,0.62,0.6,0.65
2026-05-19,Ratlam,0.0,0.0,0.0,34.1,0.49,0.5633333333333334,0.66,0.43,0.4766666666666666,0.6
2026-05-19,Rohtak,0.0,0.0,0.0,36.0,0.58,0.4566666666666666,0.58,0.83,0.8966666666666666,0.95
2026-05-19,Rourkela,0.8,1.1333333333333333,2.3,33.5,0.51,0.44333333333333336,0.51,0.63,0.6733333333333333,0.71
2026-05-19,Sagar,0.0,0.0,0.0,37.1,0.57,0.47,0.57,0.55,0.6133333333333334,0.79
2026-05-19,Salem,1.8,2.2,3.2,31.2,0.56,0.51,0.56,0.79,0.8233333333333333,0.95
2026-05-19,Sambalpur,0.0,0.06666666666666667,0.2,34.4,0.62,0.5066666666666667,0.62,0.67,0.65,0.67
2026-05-19,Sangli,1.9,0.9333333333333332,1.9,29.2,0.46,0.48666666666666664,0.51,0.61,0.6566666666666666,0.69
2026-05-19,Satara,0.2,0.13333333333333333,0.2,30.5,0.73,0.5966666666666667,0.73,0.39,0.47000000000000003,0.52
2026-05-19,Satna,0.0,0.0,0.0,36.2,0.72,0.5466666666666666,0.72,0.39,0.39666666666666667,0.45
2026-05-19,Shahjahanpur,0.0,0.0,0.0,33.2,0.43,0.49666666666666665,0.68,0.63,0.6333333333333333,0.65
2026-05-19,Shivamogga,1.1,2.966666666666667,4.3,26.0,0.65,0.6066666666666667,0.65,0.44,0.48666666666666664,0.62
2026-05-19,Sivakasi,0.1,2.3333333333333335,3.9,32.1,0.58,0.5366666666666666,0.58,0.57,0.5666666666666667,0.65
2026-05-19,Solapur,0.3,0.2333333333333333,0.4,34.0,0.66,0.5466666666666667,0.66,0.52,0.62,0.68
2026-05-19,Sonipat,0.0,0.03333333333333333,0.1,35.2,0.67,0.57,0.67,0.8,0.8866666666666667,0.95
2026-05-19,Srinagar,1.0,0.3333333333333333,1.0,20.9,0.31,0.42,0.54,0.7,0.7200000000000001,0.74
2026-05-19,Surat,0.0,0.0,0.0,33.2,0.68,0.6866666666666666,0.72,0.68,0.7333333333333334,0.78
2026-05-19,Thane,0.0,0.0,0.0,31.9,0.46,0.59,0.73,0.7,0.7533333333333333,0.79
2026-05-19,Theni,0.9,2.0333333333333337,3.6,30.7,0.48,0.56,0.64,0.65,0.6699999999999999,0.71
2026-05-19,Thiruvananthapuram,17.7,19.0,32.2,27.2,0.39,0.5366666666666666,0.64,0.71,0.6966666666666667,0.73
2026-05-19,Thoothukudi,0.0,1.4333333333333336,3.2,31.1,0.76,0.6033333333333334,0.76,0.75,0.77,0.81
2026-05-19,Thrissur,17.9,16.433333333333334,25.5,27.6,0.61,0.5933333333333333,0.71,0.88,0.89,0.95
2026-05-19,Tiruchirappalli,1.4,1.9666666666666666,3.3,31.0,0.54,0.48,0.54,0.57,0.5733333333333334,0.63
2026-05-19,Tirunelveli,0.5,2.3333333333333335,3.5,31.8,0.54,0.48666666666666664,0.54,0.57,0.48666666666666664,0.57
2026-05-19,Tiruppur,0.0,2.033333333333333,4.8,30.9,0.45,0.4033333333333333,0.45,0.74,0.7666666666666666,0.81
2026-05-19,Tumakuru,2.1,3.5666666666666664,7.6,26.2,0.52,0.4633333333333334,0.6,0.73,0.7866666666666666,0.87
2026-05-19,Tumkur,2.1,3.5666666666666664,7.6,26.2,0.78,0.68,0.78,0.59,0.5966666666666667,0.65
2026-05-19,Udaipur,0.0,0.0,0.0,33.9,0.47,0.45999999999999996,0.47,0.75,0.82,0.93
2026-05-19,Vadodara,0.0,0.0,0.0,36.0,0.42,0.4633333333333333,0.5,0.58,0.59,0.67
2026-05-19,Varanasi,0.0,0.0,0.0,35.0,0.31,0.4033333333333333,0.54,0.76,0.81,0.86
2026-05-19,Vasai,0.0,0.09999999999999999,0.3,30.7,0.58,0.5366666666666666,0.58,0.67,0.6633333333333333,0.71
2026-05-19,Vijayawada,0.1,0.9333333333333335,2.6,35.0,0.55,0.5333333333333333,0.55,0.6,0.6,0.65
2026-05-19,Virudhunagar,0.2,1.1333333333333335,2.2,32.0,0.47,0.44,0.52,0.79,0.7633333333333333,0.79
2026-05-19,Visakhapatnam,0.0,0.0,0.0,31.9,0.47,0.45,0.51,0.78,0.7200000000000001,0.81
2026-05-19,Warangal,0.2,0.06666666666666667,0.2,33.1,0.48,0.5499999999999999,0.76,0.53,0.53,0.54
2026-05-20,Agra,0.0,0.0,0.0,37.5,0.45,0.3625,0.45,0.6,0.715,0.79
2026-05-20,Ahmedabad,0.0,0.0,0.0,35.4,0.59,0.6174999999999999,0.75,0.95,0.9275,0.95
2026-05-20,Ahmednagar,0.5,0.125,0.5,32.0,0.41,0.4225,0.51,0.42,0.4825,0.58
2026-05-20,Akola,0.0,0.0,0.0,36.9,0.51,0.45499999999999996,0.51,0.84,0.835,0.95
2026-05-20,Aligarh,0.0,0.0,0.0,36.2,0.6,0.565,0.63,0.89,0.8525,0.93
2026-05-20,Allahabad,0.0,0.0,0.0,37.4,0.46,0.42500000000000004,0.46,0.53,0.59,0.73
2026-05-20,Alwar,0.0,0.0,0.0,35.9,0.5,0.5525,0.83,0.45,0.6425,0.75
2026-05-20,Amravati,0.0,0.0,0.0,37.6,0.35,0.4675,0.59,0.74,0.755,0.79
2026-05-20,Amritsar,0.0,0.0,0.0,34.8,0.45,0.3775,0.45,0.42,0.4575,0.54
2026-05-20,Anantapur,0.0,0.07500000000000001,0.2,33.5,0.44,0.4325,0.48,0.56,0.625,0.71
2026-05-20,Arrah,0.0,0.0,0.0,33.2,0.51,0.4675,0.53,0.68,0.6625,0.7
2026-05-20,Asansol,0.0,0.15000000000000002,0.4,32.4,0.46,0.4875,0.52,0.64,0.685,0.79
2026-05-20,Aurangabad,0.0,0.0,0.0,33.5,0.58,0.5,0.58,0.33,0.41000000000000003,0.5
2026-05-20,Avadi,0.0,1.125,2.6,34.5,0.47,0.4825,0.55,0.85,0.8225,0.87
2026-05-20,Bangalore,5.7,9.9,31.0,25.9,0.95,0.8574999999999999,0.95,0.65,0.5725,0.65
2026-05-20,Barasat,0.8,6.225,13.6,31.8,0.49,0.505,0.55,0.52,0.595,0.69
2026-05-20,Bardhaman,0.1,1.375,5.0,32.0,0.65,0.56,0.66,0.8,0.8125,0.95
2026-05-20,Bareilly,0.0,0.0,0.0,33.1,0.4,0.49,0.59,0.51,0.56,0.65
2026-05-20,Bathinda,0.0,0.0,0.0,35.8,0.52,0.455,0.52,0.59,0.6799999999999999,0.83
2026-05-20,Begusarai,1.1,0.6000000000000001,1.3,31.9,0.57,0.47250000000000003,0.59,0.56,0.5650000000000001,0.64
2026-05-20,Belgaum,0.3,1.825,3.3,25.8,0.35,0.4225,0.51,0.86,0.875,0.95
2026-05-20,Bellary,0.0,0.125,0.4,31.4,0.55,0.4925,0.55,0.62,0.73,0.84
2026-05-20,Bhagalpur,0.6,0.425,0.9,30.8,0.56,0.62,0.72,0.3,0.425,0.56
2026-05-20,Bharatpur,0.0,0.0,0.0,35.7,0.5,0.53,0.64,0.55,0.6575,0.78
2026-05-20,Bhilwara,0.0,0.0,0.0,34.2,0.41,0.4275,0.49,0.49,0.5449999999999999,0.61
2026-05-20,Bhopal,0.0,0.0,0.0,37.1,0.51,0.5125,0.64,0.44,0.5,0.61
2026-05-20,Bhubaneswar,3.1,1.025,3.1,34.6,0.46,0.515,0.69,0.9,0.8975,0.95
2026-05-20,Bhusawal,0.2,0.05,0.2,35.0,0.49,0.52,0.57,0.67,0.6975,0.73
2026-05-20,Bidar,0.0,0.9249999999999999,2.9,32.5,0.68,0.53,0.68,0.95,0.845,0.95
2026-05-20,Bijapur,0.1,0.65,1.3,30.3,0.76,0.5375,0.76,0.32,0.525,0.68
2026-05-20,Bilaspur,0.0,0.19999999999999998,0.7,35.4,0.48,0.4775,0.54,0.3,0.45,0.56
2026-05-20,Bokaro Steel City,0.0,0.05,0.2,33.0,0.68,0.575,0.68,0.55,0.6325000000000001,0.78
2026-05-20,Chandigarh,0.0,0.0,0.0,33.9,0.52,0.46,0.52,0.43,0.535,0.62
2026-05-20,Chandrapur,0.0,0.1,0.2,38.0,0.7,0.5825,0.7,0.48,0.4675,0.55
2026-05-20,Chennai,0.0,1.625,5.1,35.0,0.8,0.71,0.8,0.49,0.435,0.53
2026-05-20,Chikkaballapur,1.0,1.225,2.1,26.4,0.7,0.525,0.7,0.92,0.855,0.92
2026-05-20,Chitradurga,0.0,1.375,2.3,27.6,0.68,0.55,0.68,0.59,0.6975,0.79
2026-05-20,Coimbatore,0.4,1.0750000000000002,3.2,29.1,0.5,0.465,0.66,0.65,0.6925,0.82
2026-05-20,Darbhanga,1.7,0.425,1.7,30.8,0.58,0.46749999999999997,0.58,0.48,0.5549999999999999,0.6
2026-05-20,Davangere,0.0,1.7000000000000002,3.7,27.9,0.51,0.5475,0.64,0.68,0.77,0.95
2026-05-20,Dehradun,0.0,0.0,0.0,29.3,0.55,0.5075000000000001,0.56,0.61,0.7025,0.78
2026-05-20,Delhi,0.0,0.025,0.1,37.9,0.8,0.85,0.89,0.95,0.9325,0.95
2026-05-20,Dewas,0.0,0.0,0.0,34.6,0.49,0.4825,0.51,0.77,0.8025,0.87
2026-05-20,Dhanbad,0.1,0.125,0.2,33.8,0.46,0.475,0.59,0.68,0.62,0.68
2026-05-20,Dharmapuri,1.2,1.75,3.3,30.0,0.46,0.5325,0.63,0.91,0.8975,0.93
2026-05-20,Dhule,0.0,0.0,0.0,34.0,0.44,0.47250000000000003,0.56,0.62,0.5800000000000001,0.63
2026-05-20,Dindigul,0.9,3.4000000000000004,11.3,30.9,0.55,0.5700000000000001,0.61,0.66,0.61,0.69
2026-05-20,Durg,0.0,0.0,0.0,36.5,0.5,0.5375,0.62,0.56,0.4425,0.56
2026-05-20,Eluru,0.0,0.32499999999999996,0.7,35.6,0.58,0.4725,0.58,0.62,0.6025,0.65
2026-05-20,Erode,0.8,1.1749999999999998,2.3,32.2,0.42,0.4725,0.51,0.74,0.8875,0.95
2026-05-20,Etawah,0.0,0.0,0.0,35.2,0.46,0.4325,0.47,0.61,0.695,0.78
2026-05-20,Faridabad,0.0,0.0,0.0,37.7,0.45,0.40249999999999997,0.52,0.78,0.81,0.89
2026-05-20,Farrukhabad,0.0,0.0,0.0,34.9,0.58,0.5475,0.62,0.79,0.8975,0.95
2026-05-20,Gandhinagar,0.0,0.0,0.0,34.8,0.43,0.39749999999999996,0.47,0.42,0.46749999999999997,0.5
2026-05-20,Ghaziabad,0.0,0.05,0.2,36.4,0.54,0.4775,0.59,0.74,0.74,0.82
2026-05-20,Gorakhpur,0.0,0.0,0.0,32.5,0.61,0.53,0.66,0.52,0.48,0.52
2026-05-20,Greater Noida,0.0,0.0,0.0,35.6,0.62,0.535,0.62,0.87,0.8125,0.87
2026-05-20,Gulbarga,0.0,1.7,5.6,32.4,0.47,0.4875,0.53,0.74,0.8475,0.91
2026-05-20,Gurgaon,0.0,0.0,0.0,36.3,0.46,0.435,0.52,0.77,0.675,0.77
2026-05-20,Guwahati,1.2,9.575000000000001,18.6,28.6,0.6,0.5525,0.7,0.56,0.42000000000000004,0.56
2026-05-20,Gwalior,0.0,0.0,0.0,37.9,0.53,0.5325,0.61,0.64,0.7025,0.83
2026-05-20,Hapur,0.0,0.0,0.0,35.0,0.51,0.5625,0.66,0.95,0.925,0.95
2026-05-20,Hassan,1.7,3.1999999999999997,8.9,24.9,0.7,0.5475,0.7,0.78,0.7075,0.85
2026-05-20,Hospet,0.0,0.4,1.6,29.0,0.28,0.4175,0.49,0.77,0.64,0.77
2026-05-20,Hosur,1.6,2.3000000000000003,4.9,26.6,0.55,0.4975,0.6,0.84,0.82,0.87
2026-05-20,Hubli,0.6,2.375,6.0,26.9,0.37,0.51,0.58,0.92,0.9375,0.95
2026-05-20,Hyderabad,0.3,0.4,0.6,33.3,0.64,0.61,0.66,0.44,0.45,0.52
2026-05-20,Ichalkaranji,1.5,2.0250000000000004,5.7,29.1,0.51,0.505,0.54,0.6,0.5825,0.66
2026-05-20,Imphal,0.0,2.4,8.1,25.8,0.52,0.47,0.52,0.65,0.735,0.89
2026-05-20,Indore,0.0,0.0,0.0,34.2,0.59,0.5725,0.64,0.68,0.67,0.78
2026-05-20,Jabalpur,0.0,0.0,0.0,37.0,0.52,0.4925,0.57,0.55,0.5825,0.64
2026-05-20,Jaipur,0.0,0.0,0.0,36.2,0.51,0.5275,0.59,0.95,0.8825,0.95
2026-05-20,Jalandhar,0.0,0.0,0.0,35.7,0.52,0.47250000000000003,0.63,0.63,0.655,0.75
2026-05-20,Jalgaon,1.3,0.325,1.3,34.7,0.6,0.52,0.71,0.72,0.7225,0.77
2026-05-20,Jalna,0.1,0.025,0.1,35.1,0.41,0.48250000000000004,0.55,0.84,0.79,0.84
2026-05-20,Jamshedpur,0.0,0.125,0.5,33.3,0.6,0.455,0.6,0.84,0.8625,0.92
2026-05-20,Junagadh,0.0,0.0,0.0,32.5,0.45,0.49,0.57,0.76,0.815,0.95
2026-05-20,Kadapa,0.0,0.075,0.3,35.1,0.56,0.52,0.56,0.82,0.86,0.95
2026-05-20,Kalyan,0.1,0.4,1.5,33.2,0.53,0.5325,0.63,0.61,0.6675,0.76
2026-05-20,Kanpur,0.0,0.0,0.0,37.8,0.64,0.58,0.64,0.6,0.6875,0.73
2026-05-20,Kanyakumari,1.1,1.775,4.6,29.5,0.51,0.48,0.55,0.51,0.5449999999999999,0.6
2026-05-20,Karimnagar,0.1,0.05,0.1,35.9,0.59,0.5175,0.59,0.51,0.5475,0.66
2026-05-20,Karnal,0.0,0.0,0.0,35.6,0.48,0.45999999999999996,0.48,0.65,0.765,0.95
2026-05-20,Karur,1.0,2.5,7.2,32.5,0.44,0.4775,0.51,0.88,0.8999999999999999,0.95
2026-05-20,Khammam,0.7,0.22499999999999998,0.7,35.0,0.47,0.4575,0.55,0.8,0.5775,0.8
2026-05-20,Kochi,9.4,15.275,26.6,27.9,0.45,0.505,0.64,0.67,0.655,0.69
2026-05-20,Kolar,0.5,3.175,8.6,27.3,0.64,0.5175,0.64,0.63,0.545,0.63
2026-05-20,Kolhapur,1.0,2.475,7.2,28.1,0.4,0.54,0.74,0.94,0.9,0.95
2026-05-20,Kolkata,0.0,2.9,6.5,32.6,0.87,0.7675,0.87,0.82,0.7675,0.88
2026-05-20,Kollam,6.6,15.6,37.0,28.2,0.59,0.54,0.59,0.55,0.5925,0.67
2026-05-20,Korba,0.0,0.15,0.5,35.1,0.51,0.4425,0.51,0.94,0.9325,0.95
2026-05-20,Kozhikode,2.1,11.65,23.5,28.2,0.66,0.47250000000000003,0.66,0.68,0.7,0.76
2026-05-20,Krishnagiri,3.2,4.9750000000000005,15.4,29.6,0.69,0.6025,0.69,0.45,0.5875,0.78
2026-05-20,Kurnool,0.0,0.125,0.5,33.9,0.57,0.5725,0.67,0.66,0.7625,0.95
2026-05-20,Latur,0.0,0.025,0.1,33.9,0.55,0.5275000000000001,0.57,0.82,0.8025,0.9
2026-05-20,Lucknow,0.0,0.0,0.0,36.4,0.57,0.6125,0.68,0.43,0.485,0.59
2026-05-20,Ludhiana,0.0,0.0,0.0,35.6,0.43,0.41,0.47,0.72,0.7075,0.83
2026-05-20,Madurai,1.4,3.4,10.7,32.6,0.46,0.5075000000000001,0.62,0.41,0.4775,0.57
2026-05-20,Malegaon,0.7,0.25,0.7,32.9,0.54,0.5800000000000001,0.63,0.49,0.53,0.57
2026-05-20,Mandya,6.8,4.1,6.9,27.4,0.36,0.4675,0.61,0.8,0.88,0.95
2026-05-20,Mangalore,2.8,16.05,28.3,28.2,0.47,0.4775,0.57,0.93,0.915,0.95
2026-05-20,Mathura,0.0,0.0,0.0,36.8,0.45,0.475,0.52,0.42,0.445,0.47
2026-05-20,Mau,0.0,0.0,0.0,34.0,0.63,0.535,0.63,0.75,0.8125,0.86
2026-05-20,Meerut,0.0,0.0,0.0,35.8,0.51,0.48500000000000004,0.55,0.44,0.525,0.61
2026-05-20,Mumbai,0.1,0.025,0.1,30.8,0.79,0.8475,0.88,0.42,0.425,0.48
2026-05-20,Muzaffarnagar,0.0,0.0,0.0,35.2,0.41,0.4925,0.6,0.36,0.395,0.51
2026-05-20,Muzaffarpur,0.7,0.175,0.7,31.1,0.5,0.4725,0.5,0.61,0.49,0.61
2026-05-20,Mysore,0.8,2.1750000000000003,4.7,26.9,0.53,0.44,0.53,0.88,0.9,0.93
2026-05-20,Nagercoil,1.9,5.4,12.0,28.2,0.55,0.5675,0.64,0.85,0.8725,0.95
2026-05-20,Nagpur,0.0,0.0,0.0,38.3,0.44,0.4275,0.61,0.72,0.7424999999999999,0.8
2026-05-20,Namakkal,0.3,1.95,5.1,32.2,0.52,0.49,0.63,0.5,0.51,0.61
2026-05-20,Nanded,0.0,0.0,0.0,36.8,0.67,0.5825,0.69,0.52,0.47250000000000003,0.52
2026-05-20,Nashik,1.3,0.35000000000000003,1.3,29.6,0.44,0.4325,0.5,0.95,0.925,0.95
2026-05-20,Navi Mumbai,0.3,0.075,0.3,31.4,0.68,0.6725,0.78,0.95,0.9425,0.95
2026-05-20,Nizamabad,0.1,0.325,1.0,35.5,0.67,0.5275,0.67,0.84,0.79,0.86
2026-05-20,Noida,0.0,0.025,0.1,36.4,0.54,0.5449999999999999,0.71,0.72,0.8025,0.89
2026-05-20,Osmanabad,0.3,0.1,0.3,32.1,0.51,0.4575,0.51,0.61,0.77,0.95
2026-05-20,Panipat,0.0,0.025,0.1,36.5,0.57,0.53,0.7,0.52,0.4925,0.53
2026-05-20,Parbhani,0.0,0.0,0.0,36.5,0.51,0.5225,0.7,0.45,0.6175,0.76
2026-05-20,Patiala,0.0,0.0,0.0,36.5,0.74,0.5725,0.74,0.6,0.7025,0.79
2026-05-20,Patna,0.5,0.125,0.5,32.0,0.36,0.49,0.57,0.48,0.5525,0.63
2026-05-20,Pune,2.4,1.175,2.4,29.8,0.71,0.7225,0.84,0.95,0.8875,0.95
2026-05-20,Purnia,1.4,0.39999999999999997,1.4,29.6,0.6,0.5875,0.72,0.79,0.8200000000000001,0.9
2026-05-20,Raichur,0.0,0.175,0.6,32.8,0.6,0.51,0.6,0.91,0.9,0.95
2026-05-20,Raipur,0.0,0.05,0.1,36.7,0.37,0.505,0.62,0.95,0.9299999999999999,0.95
2026-05-20,Rajkot,0.0,0.0,0.0,33.6,0.31,0.335,0.49,0.61,0.7025,0.82
2026-05-20,Ramanagara,4.7,4.625,8.0,27.3,0.45,0.495,0.58,0.61,0.6525,0.76
2026-05-20,Rampur,0.0,0.0,0.0,32.9,0.55,0.4975,0.61,0.62,0.605,0.65
2026-05-20,Ratlam,0.0,0.0,0.0,32.8,0.67,0.5900000000000001,0.67,0.5,0.4825,0.6
2026-05-20,Rohtak,0.0,0.0,0.0,36.1,0.39,0.43999999999999995,0.58,0.95,0.9099999999999999,0.95
2026-05-20,Rourkela,0.0,0.85,2.3,33.9,0.64,0.49250000000000005,0.64,0.69,0.6775,0.71
2026-05-20,Sagar,0.0,0.0,0.0,36.9,0.72,0.5325,0.72,0.55,0.5975,0.79
2026-05-20,Salem,2.6,2.3,3.2,31.6,0.52,0.5125,0.56,0.95,0.855,0.95
2026-05-20,Sambalpur,0.0,0.05,0.2,34.2,0.57,0.5225,0.62,0.6,0.6375,0.67
2026-05-20,Sangli,0.3,0.7749999999999999,1.9,29.1,0.49,0.4875,0.51,0.79,0.69,0.79
2026-05-20,Satara,1.4,0.44999999999999996,1.4,28.9,0.58,0.5925,0.73,0.48,0.47250000000000003,0.52
2026-05-20,Satna,0.0,0.0,0.0,37.0,0.51,0.5375,0.72,0.37,0.39,0.45
2026-05-20,Shahjahanpur,0.0,0.0,0.0,33.3,0.58,0.5175000000000001,0.68,0.35,0.5625,0.65
2026-05-20,Shivamogga,1.0,2.475,4.3,27.1,0.55,0.5925,0.65,0.5,0.49,0.62
2026-05-20,Sivakasi,0.5,1.875,3.9,33.9,0.38,0.49749999999999994,0.58,0.56,0.565,0.65
2026-05-20,Solapur,0.0,0.175,0.4,33.0,0.74,0.595,0.74,0.46,0.5800000000000001,0.68
2026-05-20,Sonipat,0.0,0.025,0.1,35.8,0.51,0.555,0.67,0.85,0.8775,0.95
2026-05-20,Srinagar,0.3,0.325,1.0,20.1,0.3,0.39,0.54,0.64,0.7,0.74
2026-05-20,Surat,0.0,0.0,0.0,31.8,0.68,0.685,0.72,0.65,0.7125,0.78
2026-05-20,Thane,0.0,0.0,0.0,32.2,0.63,0.6,0.73,0.8,0.765,0.8
2026-05-20,Theni,0.6,1.675,3.6,32.2,0.57,0.5625,0.64,0.64,0.6625,0.71
2026-05-20,Thiruvananthapuram,6.3,15.825,32.2,27.2,0.63,0.56,0.64,0.61,0.675,0.73
2026-05-20,Thoothukudi,0.3,1.1500000000000001,3.2,32.5,0.54,0.5875,0.76,0.79,0.775,0.81
2026-05-20,Thrissur,2.3,12.899999999999999,25.5,27.6,0.63,0.6025,0.71,0.83,0.875,0.95
2026-05-20,Tiruchirappalli,0.0,1.4749999999999999,3.3,32.1,0.48,0.48,0.54,0.59,0.5775,0.63
2026-05-20,Tirunelveli,0.6,1.9,3.5,32.6,0.52,0.495,0.54,0.49,0.4875,0.57
2026-05-20,Tiruppur,0.9,1.75,4.8,31.1,0.58,0.4475,0.58,0.68,0.745,0.81
2026-05-20,Tumakuru,0.9,2.9,7.6,26.7,0.52,0.47750000000000004,0.6,0.74,0.775,0.87
2026-05-20,Tumkur,0.9,2.9,7.6,26.7,0.56,0.65,0.78,0.5,0.5725,0.65
2026-05-20,Udaipur,0.0,0.0,0.0,32.4,0.49,0.46749999999999997,0.49,0.74,0.8,0.93
2026-05-20,Vadodara,0.0,0.0,0.0,34.7,0.57,0.49,0.57,0.57,0.585,0.67
2026-05-20,Varanasi,0.0,0.0,0.0,36.3,0.45,0.41500000000000004,0.54,0.92,0.8375,0.92
2026-05-20,Vasai,0.0,0.075,0.3,30.9,0.36,0.49249999999999994,0.58,0.63,0.655,0.71
2026-05-20,Vijayawada,0.0,0.7000000000000001,2.6,36.8,0.81,0.6025,0.81,0.72,0.63,0.72
2026-05-20,Virudhunagar,1.1,1.125,2.2,33.9,0.59,0.4775,0.59,0.76,0.7625,0.79
2026-05-20,Visakhapatnam,0.4,0.1,0.4,33.8,0.6,0.4875,0.6,0.59,0.6875,0.81
2026-05-20,Warangal,0.0,0.05,0.2,35.5,0.57,0.5549999999999999,0.76,0.49,0.52,0.54
2026-05-21,Agra,0.0,0.0,0.0,37.4,0.38,0.366,0.45,0.77,0.726,0.79
2026-05-21,Ahmedabad,0.0,0.0,0.0,35.0,0.78,0.65,0.78,0.89,0.9199999999999999,0.95
2026-05-21,Ahmednagar,0.0,0.1,0.5,31.6,0.57,0.45199999999999996,0.57,0.36,0.458,0.58
2026-05-21,Akola,0.0,0.0,0.0,36.5,0.45,0.454,0.51,0.94,0.8560000000000001,0.95
2026-05-21,Aligarh,0.0,0.0,0.0,36.0,0.4,0.532,0.63,0.85,0.852,0.93
2026-05-21,Allahabad,0.0,0.0,0.0,37.7,0.35,0.41,0.46,0.58,0.588,0.73
2026-05-21,Alwar,0.0,0.0,0.0,36.0,0.45,0.532,0.83,0.51,0.616,0.75
2026-05-21,Amravati,0.0,0.0,0.0,37.6,0.43,0.45999999999999996,0.59,0.7,0.744,0.79
2026-05-21,Amritsar,0.0,0.0,0.0,35.2,0.37,0.376,0.45,0.4,0.446,0.54
2026-05-21,Anantapur,0.3,0.12,0.3,33.8,0.36,0.418,0.48,0.73,0.646,0.73
2026-05-21,Arrah,0.2,0.04,0.2,34.4,0.45,0.46399999999999997,0.53,0.58,0.646,0.7
2026-05-21,Asansol,0.0,0.12000000000000002,0.4,33.5,0.48,0.48600000000000004,0.52,0.94,0.736,0.94
2026-05-21,Aurangabad,0.0,0.0,0.0,33.5,0.41,0.48200000000000004,0.58,0.4,0.40800000000000003,0.5
2026-05-21,Avadi,0.0,0.9,2.6,35.3,0.62,0.51,0.62,0.95,0.8480000000000001,0.95
2026-05-21,Bangalore,0.2,7.959999999999999,31.0,27.1,0.79,0.844,0.95,0.56,0.5700000000000001,0.65
2026-05-21,Barasat,0.0,4.9799999999999995,13.6,31.9,0.46,0.496,0.55,0.63,0.602,0.69
2026-05-21,Bardhaman,2.5,1.6,5.0,32.5,0.4,0.528,0.66,0.69,0.788,0.95
2026-05-21,Bareilly,0.0,0.0,0.0,34.0,0.6,0.512,0.6,0.53,0.554,0.65
2026-05-21,Bathinda,0.0,0.0,0.0,37.1,0.38,0.44000000000000006,0.52,0.61,0.666,0.83
2026-05-21,Begusarai,0.8,0.64,1.3,32.6,0.36,0.45,0.59,0.46,0.544,0.64
2026-05-21,Belgaum,0.0,1.46,3.3,27.4,0.39,0.41600000000000004,0.51,0.93,0.8859999999999999,0.95
2026-05-21,Bellary,0.0,0.1,0.4,32.0,0.53,0.5,0.55,0.67,0.718,0.84
2026-05-21,Bhagalpur,3.3,1.0,3.3,31.5,0.48,0.592,0.72,0.4,0.42000000000000004,0.56
2026-05-21,Bharatpur,0.0,0.0,0.0,36.6,0.57,0.538,0.64,0.52,0.63,0.78
2026-05-21,Bhilwara,0.0,0.0,0.0,34.1,0.47,0.43599999999999994,0.49,0.55,0.546,0.61
2026-05-21,Bhopal,0.0,0.0,0.0,36.2,0.6,0.53,0.64,0.54,0.508,0.61
2026-05-21,Bhubaneswar,7.7,2.3600000000000003,7.7,34.9,0.61,0.534,0.69,0.8,0.8779999999999999,0.95
2026-05-21,Bhusawal,0.0,0.04,0.2,35.4,0.45,0.506,0.57,0.79,0.716,0.79
2026-05-21,Bidar,0.0,0.74,2.9,33.2,0.54,0.532,0.68,0.76,0.828,0.95
2026-05-21,Bijapur,0.1,0.54,1.3,30.6,0.56,0.542,0.76,0.59,0.538,0.68
2026-05-21,Bilaspur,0.0,0.15999999999999998,0.7,36.3,0.52,0.48599999999999993,0.54,0.34,0.42800000000000005,0.56
2026-05-21,Bokaro Steel City,0.1,0.06000000000000001,0.2,33.8,0.61,0.5820000000000001,0.68,0.82,0.67,0.82
2026-05-21,Chandigarh,0.0,0.0,0.0,33.4,0.51,0.47000000000000003,0.52,0.62,0.5519999999999999,0.62
2026-05-21,Chandrapur,0.0,0.08,0.2,38.6,0.54,0.5740000000000001,0.7,0.59,0.492,0.59
2026-05-21,Chennai,0.0,1.3,5.1,35.5,0.64,0.696,0.8,0.34,0.41600000000000004,0.53
2026-05-21,Chikkaballapur,1.0,1.1800000000000002,2.1,27.4,0.36,0.492,0.7,0.77,0.8380000000000001,0.92
2026-05-21,Chitradurga,2.2,1.54,2.3,28.6,0.34,0.508,0.68,0.52,0.662,0.79
2026-05-21,Coimbatore,1.2,1.1,3.2,29.6,0.46,0.4640000000000001,0.66,0.61,0.6759999999999999,0.82
2026-05-21,Darbhanga,4.1,1.16,4.1,30.8,0.42,0.458,0.58,0.76,0.596,0.76
2026-05-21,Davangere,0.4,1.44,3.7,28.4,0.61,0.5599999999999999,0.64,0.72,0.76,0.95
2026-05-21,Dehradun,0.0,0.0,0.0,29.9,0.71,0.548,0.71,0.72,0.706,0.78
2026-05-21,Delhi,0.0,0.02,0.1,38.0,0.6,0.8,0.89,0.82,0.9099999999999999,0.95
2026-05-21,Dewas,0.0,0.0,0.0,34.2,0.44,0.47400000000000003,0.51,0.94,0.8300000000000001,0.94
2026-05-21,Dhanbad,0.4,0.18,0.4,34.2,0.47,0.47400000000000003,0.59,0.75,0.646,0.75
2026-05-21,Dharmapuri,5.7,2.54,5.7,30.9,0.36,0.49800000000000005,0.63,0.82,0.882,0.93
2026-05-21,Dhule,0.0,0.0,0.0,33.6,0.49,0.476,0.56,0.58,0.58,0.63
2026-05-21,Dindigul,0.0,2.72,11.3,32.9,0.45,0.546,0.61,0.49,0.586,0.69
2026-05-21,Durg,0.0,0.0,0.0,37.8,0.5,0.53,0.62,0.3,0.414,0.56
2026-05-21,Eluru,0.0,0.25999999999999995,0.7,36.5,0.54,0.48599999999999993,0.58,0.6,0.602,0.65
2026-05-21,Erode,2.1,1.3599999999999999,2.3,33.3,0.45,0.46799999999999997,0.51,0.92,0.8939999999999999,0.95
2026-05-21,Etawah,0.0,0.0,0.0,35.6,0.52,0.45,0.52,0.69,0.694,0.78
2026-05-21,Faridabad,0.0,0.0,0.0,37.8,0.4,0.40199999999999997,0.52,0.78,0.8039999999999999,0.89
2026-05-21,Farrukhabad,0.0,0.0,0.0,35.4,0.76,0.5900000000000001,0.76,0.85,0.8879999999999999,0.95
2026-05-21,Gandhinagar,0.0,0.0,0.0,34.4,0.49,0.41600000000000004,0.49,0.43,0.45999999999999996,0.5
2026-05-21,Ghaziabad,0.0,0.04,0.2,37.8,0.57,0.496,0.59,0.81,0.754,0.82
2026-05-21,Gorakhpur,0.0,0.0,0.0,34.4,0.58,0.5399999999999999,0.66,0.5,0.484,0.52
2026-05-21,Greater Noida,0.0,0.0,0.0,36.6,0.54,0.536,0.62,0.78,0.806,0.87
2026-05-21,Gulbarga,2.3,1.8199999999999998,5.6,33.4,0.32,0.454,0.53,0.73,0.8240000000000001,0.91
2026-05-21,Gurgaon,0.0,0.0,0.0,36.7,0.52,0.45199999999999996,0.52,0.68,0.6759999999999999,0.77
2026-05-21,Guwahati,8.2,9.3,18.6,27.9,0.51,0.5439999999999999,0.7,0.35,0.406,0.56
2026-05-21,Gwalior,0.0,0.0,0.0,36.9,0.43,0.512,0.61,0.75,0.712,0.83
2026-05-21,Hapur,0.0,0.0,0.0,35.6,0.81,0.612,0.81,0.95,0.93,0.95
2026-05-21,Hassan,0.0,2.5599999999999996,8.9,26.1,0.53,0.5439999999999999,0.7,0.82,0.73,0.85
2026-05-21,Hospet,0.0,0.32,1.6,29.4,0.57,0.44800000000000006,0.57,0.46,0.604,0.77
2026-05-21,Hosur,0.9,2.0200000000000005,4.9,27.6,0.46,0.49000000000000005,0.6,0.84,0.8240000000000001,0.87
2026-05-21,Hubli,0.3,1.9600000000000002,6.0,27.9,0.53,0.514,0.58,0.88,0.9259999999999999,0.95
2026-05-21,Hyderabad,0.0,0.32,0.6,34.6,0.63,0.6140000000000001,0.66,0.63,0.48599999999999993,0.63
2026-05-21,Ichalkaranji,0.2,1.6600000000000001,5.7,30.0,0.48,0.5,0.54,0.48,0.562,0.66
2026-05-21,Imphal,0.7,2.0599999999999996,8.1,26.5,0.51,0.47800000000000004,0.52,0.58,0.704,0.89
2026-05-21,Indore,0.0,0.0,0.0,33.8,0.71,0.6,0.71,0.72,0.6799999999999999,0.78
2026-05-21,Jabalpur,0.0,0.0,0.0,37.1,0.43,0.48,0.57,0.62,0.5900000000000001,0.64
2026-05-21,Jaipur,0.0,0.0,0.0,36.2,0.77,0.576,0.77,0.86,0.8779999999999999,0.95
2026-05-21,Jalandhar,0.1,0.02,0.1,35.5,0.85,0.548,0.85,0.73,0.67,0.75
2026-05-21,Jalgaon,0.0,0.26,1.3,35.1,0.56,0.528,0.71,0.75,0.728,0.77
2026-05-21,Jalna,0.0,0.02,0.1,35.0,0.7,0.526,0.7,0.83,0.798,0.84
2026-05-21,Jamshedpur,0.3,0.16,0.5,33.7,0.5,0.4640000000000001,0.6,0.89,0.868,0.92
2026-05-21,Junagadh,0.6,0.12,0.6,32.5,0.6,0.512,0.6,0.77,0.806,0.95
2026-05-21,Kadapa,0.2,0.1,0.3,35.8,0.47,0.51,0.56,0.76,0.8400000000000001,0.95
2026-05-21,Kalyan,0.5,0.42000000000000004,1.5,34.5,0.43,0.512,0.63,0.67,0.6679999999999999,0.76
2026-05-21,Kanpur,0.0,0.0,0.0,38.0,0.53,0.5700000000000001,0.64,0.65,0.6799999999999999,0.73
2026-05-21,Kanyakumari,1.3,1.6800000000000002,4.6,30.3,0.31,0.446,0.55,0.37,0.51,0.6
2026-05-21,Karimnagar,0.0,0.04,0.1,37.0,0.57,0.5279999999999999,0.59,0.71,0.58,0.71
2026-05-21,Karnal,0.0,0.0,0.0,35.2,0.47,0.462,0.48,0.9,0.792,0.95
2026-05-21,Karur,0.0,2.0,7.2,33.6,0.41,0.46399999999999997,0.51,0.95,0.9099999999999999,0.95
2026-05-21,Khammam,0.0,0.18,0.7,36.5,0.45,0.45600000000000007,0.55,0.46,0.554,0.8
2026-05-21,Kochi,3.9,13.0,26.6,28.9,0.51,0.506,0.64,0.57,0.638,0.69
2026-05-21,Kolar,1.4,2.82,8.6,28.3,0.79,0.572,0.79,0.55,0.546,0.63
2026-05-21,Kolhapur,0.2,2.02,7.2,29.1,0.52,0.536,0.74,0.95,0.9099999999999999,0.95
2026-05-21,Kolkata,0.0,2.32,6.5,32.4,0.67,0.748,0.87,0.8,0.774,0.88
2026-05-21,Kollam,5.3,13.540000000000001,37.0,28.7,0.7,0.572,0.7,0.69,0.612,0.69
2026-05-21,Korba,0.0,0.12,0.5,35.8,0.53,0.45999999999999996,0.53,0.88,0.9219999999999999,0.95
2026-05-21,Kozhikode,5.2,10.36,23.5,28.9,0.51,0.48,0.66,0.74,0.708,0.76
2026-05-21,Krishnagiri,2.7,4.5200000000000005,15.4,31.0,0.45,0.572,0.69,0.44,0.558,0.78
2026-05-21,Kurnool,0.2,0.13999999999999999,0.5,34.7,0.47,0.5519999999999999,0.67,0.87,0.784,0.95
2026-05-21,Latur,0.0,0.02,0.1,34.0,0.48,0.518,0.57,0.73,0.788,0.9
2026-05-21,Lucknow,0.0,0.0,0.0,37.1,0.63,0.616,0.68,0.51,0.49000000000000005,0.59
2026-05-21,Ludhiana,0.0,0.0,0.0,34.9,0.46,0.42000000000000004,0.47,0.6,0.6859999999999999,0.83
2026-05-21,Madurai,0.1,2.7399999999999998,10.7,33.5,0.48,0.502,0.62,0.44,0.47000000000000003,0.57
2026-05-21,Malegaon,1.0,0.4,1.0,32.3,0.52,0.568,0.63,0.44,0.512,0.57
2026-05-21,Mandya,0.0,3.28,6.9,28.3,0.41,0.45599999999999996,0.61,0.92,0.8879999999999999,0.95
2026-05-21,Mangalore,4.2,13.680000000000001,28.3,28.8,0.56,0.49399999999999994,0.57,0.88,0.908,0.95
2026-05-21,Mathura,0.0,0.0,0.0,37.0,0.47,0.47400000000000003,0.52,0.54,0.4640000000000001,0.54
2026-05-21,Mau,0.0,0.0,0.0,35.4,0.63,0.554,0.63,0.76,0.8019999999999999,0.86
2026-05-21,Meerut,0.0,0.0,0.0,36.1,0.52,0.492,0.55,0.58,0.5359999999999999,0.61
2026-05-21,Mumbai,0.0,0.02,0.1,31.7,0.95,0.868,0.95,0.4,0.42000000000000004,0.48
2026-05-21,Muzaffarnagar,0.0,0.0,0.0,35.2,0.65,0.524,0.65,0.55,0.426,0.55
2026-05-21,Muzaffarpur,2.1,0.5599999999999999,2.1,31.2,0.63,0.504,0.63,0.46,0.484,0.61
2026-05-21,Mysore,0.4,1.8199999999999998,4.7,28.2,0.63,0.47800000000000004,0.63,0.81,0.882,0.93
2026-05-21,Nagercoil,2.3,4.779999999999999,12.0,29.1,0.45,0.544,0.64,0.82,0.8619999999999999,0.95
2026-05-21,Nagpur,0.0,0.0,0.0,39.0,0.79,0.5,0.79,0.88,0.77,0.88
2026-05-21,Namakkal,0.8,1.72,5.1,33.3,0.71,0.534,0.71,0.51,0.51,0.61
2026-05-21,Nanded,0.0,0.0,0.0,37.0,0.51,0.568,0.69,0.5,0.47800000000000004,0.52
2026-05-21,Nashik,0.3,0.34,1.3,29.8,0.66,0.47800000000000004,0.66,0.91,0.922,0.95
2026-05-21,Navi Mumbai,0.0,0.06,0.3,32.7,0.57,0.6519999999999999,0.78,0.82,0.9179999999999999,0.95
2026-05-21,Nizamabad,0.0,0.26,1.0,36.6,0.43,0.508,0.67,0.73,0.7779999999999999,0.86
2026-05-21,Noida,0.0,0.02,0.1,37.1,0.49,0.534,0.71,0.82,0.806,0.89
2026-05-21,Osmanabad,0.1,0.1,0.3,32.5,0.52,0.47000000000000003,0.52,0.64,0.744,0.95
2026-05-21,Panipat,0.0,0.02,0.1,36.9,0.53,0.53,0.7,0.52,0.49800000000000005,0.53
2026-05-21,Parbhani,0.0,0.0,0.0,36.8,0.4,0.49799999999999994,0.7,0.68,0.6300000000000001,0.76
2026-05-21,Patiala,0.0,0.0,0.0,35.7,0.6,0.5780000000000001,0.74,0.66,0.6940000000000001,0.79
2026-05-21,Patna,0.0,0.1,0.5,33.6,0.5,0.492,0.57,0.59,0.5599999999999999,0.63
2026-05-21,Pune,1.0,1.1400000000000001,2.4,30.8,0.66,0.71,0.84,0.88,0.8859999999999999,0.95
2026-05-21,Purnia,1.8,0.6799999999999999,1.8,28.2,0.59,0.588,0.72,0.73,0.8019999999999999,0.9
2026-05-21,Raichur,1.1,0.36,1.1,34.0,0.59,0.526,0.6,0.91,0.9019999999999999,0.95
2026-05-21,Raipur,0.0,0.04,0.1,37.6,0.59,0.522,0.62,0.92,0.9279999999999999,0.95
2026-05-21,Rajkot,0.0,0.0,0.0,33.9,0.3,0.328,0.49,0.73,0.708,0.82
2026-05-21,Ramanagara,0.1,3.72,8.0,28.1,0.5,0.496,0.58,0.62,0.646,0.76
2026-05-21,Rampur,0.0,0.0,0.0,33.9,0.57,0.512,0.61,0.65,0.6140000000000001,0.65
2026-05-21,Ratlam,0.0,0.0,0.0,32.5,0.43,0.558,0.67,0.34,0.454,0.6
2026-05-21,Rohtak,0.0,0.0,0.0,36.8,0.55,0.462,0.58,0.95,0.9179999999999999,0.95
2026-05-21,Rourkela,2.0,1.08,2.3,34.4,0.53,0.5,0.64,0.69,0.6799999999999999,0.71
2026-05-21,Sagar,0.0,0.0,0.0,36.1,0.57,0.5399999999999999,0.72,0.66,0.6100000000000001,0.79
2026-05-21,Salem,0.2,1.8800000000000001,3.2,32.8,0.72,0.554,0.72,0.95,0.874,0.95
2026-05-21,Sambalpur,0.8,0.2,0.8,34.6,0.54,0.526,0.62,0.62,0.634,0.67
2026-05-21,Sangli,0.3,0.6799999999999999,1.9,30.5,0.36,0.462,0.51,0.8,0.712,0.8
2026-05-21,Satara,0.3,0.41999999999999993,1.4,30.7,0.71,0.616,0.73,0.5,0.47800000000000004,0.52
2026-05-21,Satna,0.0,0.0,0.0,36.5,0.68,0.5660000000000001,0.72,0.43,0.398,0.45
2026-05-21,Shahjahanpur,0.0,0.0,0.0,34.0,0.61,0.536,0.68,0.54,0.558,0.65
2026-05-21,Shivamogga,0.5,2.08,4.3,28.1,0.41,0.556,0.65,0.56,0.504,0.62
2026-05-21,Sivakasi,0.6,1.6199999999999999,3.9,35.1,0.67,0.532,0.67,0.56,0.5640000000000001,0.65
2026-05-21,Solapur,0.1,0.16,0.4,33.0,0.46,0.568,0.74,0.45,0.554,0.68
2026-05-21,Sonipat,0.0,0.02,0.1,36.6,0.47,0.538,0.67,0.94,0.89,0.95
2026-05-21,Srinagar,8.2,1.9,8.2,17.2,0.52,0.41600000000000004,0.54,0.66,0.692,0.74
2026-05-21,Surat,0.0,0.0,0.0,32.2,0.54,0.656,0.72,0.78,0.726,0.78
2026-05-21,Thane,0.1,0.02,0.1,33.4,0.81,0.642,0.81,0.88,0.788,0.88
2026-05-21,Theni,3.9,2.12,3.9,30.6,0.52,0.554,0.64,0.72,0.674,0.72
2026-05-21,Thiruvananthapuram,6.0,13.86,32.2,28.5,0.46,0.54,0.64,0.67,0.674,0.73
2026-05-21,Thoothukudi,1.0,1.12,3.2,32.5,0.5,0.5700000000000001,0.76,0.81,0.782,0.81
2026-05-21,Thrissur,1.5,10.62,25.5,28.9,0.51,0.584,0.71,0.95,0.89,0.95
2026-05-21,Tiruchirappalli,0.1,1.2,3.3,33.1,0.49,0.48200000000000004,0.54,0.54,0.5700000000000001,0.63
2026-05-21,Tirunelveli,0.5,1.6199999999999999,3.5,33.2,0.54,0.504,0.54,0.3,0.45,0.57
2026-05-21,Tiruppur,0.0,1.4,4.8,31.9,0.5,0.458,0.58,0.78,0.752,0.81
2026-05-21,Tumakuru,0.0,2.32,7.6,27.8,0.31,0.44400000000000006,0.6,0.7,0.76,0.87
2026-05-21,Tumkur,0.0,2.32,7.6,27.8,0.57,0.634,0.78,0.65,0.588,0.65
2026-05-21,Udaipur,0.0,0.0,0.0,31.8,0.58,0.49000000000000005,0.58,0.76,0.792,0.93
2026-05-21,Vadodara,0.0,0.0,0.0,34.8,0.56,0.504,0.57,0.41,0.55,0.67
2026-05-21,Varanasi,0.0,0.0,0.0,38.0,0.39,0.41,0.54,0.85,0.8400000000000001,0.92
2026-05-21,Vasai,0.0,0.06,0.3,31.6,0.45,0.484,0.58,0.7,0.6639999999999999,0.71
2026-05-21,Vijayawada,0.0,0.56,2.6,38.0,0.62,0.6060000000000001,0.81,0.7,0.6439999999999999,0.72
2026-05-21,Virudhunagar,3.8,1.6600000000000001,3.8,34.5,0.44,0.47000000000000003,0.59,0.74,0.758,0.79
2026-05-21,Visakhapatnam,1.1,0.3,1.1,35.2,0.57,0.504,0.6,0.83,0.716,0.83
2026-05-21,Warangal,0.0,0.04,0.2,37.2,0.57,0.558,0.76,0.33,0.48200000000000004,0.54
2026-05-22,Agra,0.0,0.0,0.0,37.0,0.39,0.37000000000000005,0.45,0.6,0.7050000000000001,0.79
2026-05-22,Ahmedabad,0.0,0.0,0.0,35.9,0.74,0.665,0.78,0.89,0.915,0.95
2026-05-22,Ahmednagar,4.7,0.8666666666666667,4.7,30.9,0.47,0.455,0.57,0.58,0.47833333333333333,0.58
2026-05-22,Akola,0.0,0.0,0.0,37.8,0.59,0.4766666666666666,0.59,0.82,0.85,0.95
2026-05-22,Aligarh,0.0,0.0,0.0,35.8,0.62,0.5466666666666667,0.63,0.91,0.8616666666666667,0.93
2026-05-22,Allahabad,0.0,0.0,0.0,36.6,0.5,0.425,0.5,0.55,0.5816666666666667,0.73
2026-05-22,Alwar,0.0,0.0,0.0,35.9,0.61,0.545,0.83,0.62,0.6166666666666667,0.75
2026-05-22,Amravati,0.0,0.0,0.0,38.4,0.52,0.47000000000000003,0.59,0.66,0.73,0.79
2026-05-22,Amritsar,0.6,0.09999999999999999,0.6,31.8,0.41,0.38166666666666665,0.45,0.41,0.44,0.54
2026-05-22,Anantapur,0.1,0.11666666666666665,0.3,31.2,0.58,0.445,0.58,0.62,0.6416666666666667,0.73
2026-05-22,Arrah,0.0,0.03333333333333333,0.2,33.5,0.32,0.44,0.53,0.7,0.6549999999999999,0.7
2026-05-22,Asansol,2.0,0.43333333333333335,2.0,33.2,0.57,0.5,0.57,0.71,0.7316666666666666,0.94
2026-05-22,Aurangabad,0.6,0.09999999999999999,0.6,33.6,0.37,0.4633333333333333,0.58,0.5,0.42333333333333334,0.5
2026-05-22,Avadi,0.4,0.8166666666666668,2.6,34.0,0.63,0.5299999999999999,0.63,0.7,0.8233333333333333,0.95
2026-05-22,Bangalore,1.1,6.816666666666666,31.0,26.0,0.7,0.82,0.95,0.45,0.55,0.65
2026-05-22,Barasat,4.4,4.883333333333334,13.6,32.5,0.58,0.51,0.58,0.57,0.5966666666666667,0.69
2026-05-22,Bardhaman,27.4,5.8999999999999995,27.4,32.2,0.66,0.5499999999999999,0.66,0.72,0.7766666666666667,0.95
2026-05-22,Bareilly,0.0,0.0,0.0,33.9,0.56,0.52,0.6,0.61,0.5633333333333334,0.65
2026-05-22,Bathinda,0.0,0.0,0.0,35.5,0.64,0.47333333333333333,0.64,0.71,0.6733333333333333,0.83
2026-05-22,Begusarai,0.0,0.5333333333333333,1.3,31.9,0.4,0.44166666666666665,0.59,0.48,0.5333333333333333,0.64
2026-05-22,Belgaum,2.9,1.7,3.3,26.4,0.45,0.4216666666666667,0.51,0.95,0.8966666666666666,0.95
2026-05-22,Bellary,0.0,0.08333333333333333,0.4,30.1,0.59,0.515,0.59,0.79,0.73,0.84
2026-05-22,Bhagalpur,0.3,0.8833333333333333,3.3,30.9,0.55,0.5850000000000001,0.72,0.38,0.41333333333333333,0.56
2026-05-22,Bharatpur,0.0,0.0,0.0,36.4,0.43,0.52,0.64,0.59,0.6233333333333334,0.78
2026-05-22,Bhilwara,0.0,0.0,0.0,34.1,0.57,0.4583333333333333,0.57,0.54,0.545,0.61
2026-05-22,Bhopal,0.0,0.0,0.0,36.1,0.71,0.5599999999999999,0.71,0.5,0.5066666666666667,0.61
2026-05-22,Bhubaneswar,0.1,1.9833333333333334,7.7,32.9,0.43,0.5166666666666667,0.69,0.95,0.89,0.95
2026-05-22,Bhusawal,0.1,0.05000000000000001,0.2,36.0,0.51,0.5066666666666667,0.57,0.75,0.7216666666666667,0.79
2026-05-22,Bidar,0.5,0.6999999999999998,2.9,32.2,0.64,0.5499999999999999,0.68,0.91,0.8416666666666667,0.95
2026-05-22,Bijapur,3.6,1.05,3.6,29.2,0.75,0.5766666666666667,0.76,0.62,0.5516666666666666,0.68
2026-05-22,Bilaspur,0.0,0.13333333333333333,0.7,36.2,0.52,0.4916666666666667,0.54,0.42,0.4266666666666667,0.56
2026-05-22,Bokaro Steel City,0.1,0.06666666666666667,0.2,34.3,0.67,0.5966666666666667,0.68,0.68,0.6716666666666667,0.82
2026-05-22,Chandigarh,0.3,0.049999999999999996,0.3,33.8,0.59,0.49,0.59,0.54,0.5499999999999999,0.62
2026-05-22,Chandrapur,0.0,0.06666666666666667,0.2,38.5,0.65,0.5866666666666667,0.7,0.45,0.48500000000000004,0.59
2026-05-22,Chennai,0.0,1.0833333333333333,5.1,34.1,0.93,0.735,0.93,0.4,0.41333333333333333,0.53
2026-05-22,Chikkaballapur,1.5,1.2333333333333334,2.1,25.8,0.44,0.48333333333333334,0.7,0.84,0.8383333333333334,0.92
2026-05-22,Chitradurga,0.0,1.2833333333333334,2.3,26.8,0.55,0.515,0.68,0.57,0.6466666666666666,0.79
2026-05-22,Coimbatore,1.1,1.1,3.2,29.2,0.52,0.47333333333333333,0.66,0.64,0.6699999999999999,0.82
2026-05-22,Darbhanga,0.4,1.0333333333333334,4.1,30.2,0.58,0.47833333333333333,0.58,0.52,0.5833333333333334,0.76
2026-05-22,Davangere,0.0,1.2,3.7,27.0,0.43,0.5383333333333333,0.64,0.89,0.7816666666666666,0.95
2026-05-22,Dehradun,0.2,0.03333333333333333,0.2,29.9,0.64,0.5633333333333334,0.71,0.91,0.7399999999999999,0.91
2026-05-22,Delhi,0.0,0.016666666666666666,0.1,37.0,0.79,0.7983333333333333,0.89,0.85,0.8999999999999999,0.95
2026-05-22,Dewas,0.0,0.0,0.0,35.0,0.51,0.48,0.51,0.76,0.8183333333333334,0.94
2026-05-22,Dhanbad,0.0,0.15,0.4,33.9,0.44,0.4683333333333333,0.59,0.57,0.6333333333333333,0.75
2026-05-22,Dharmapuri,3.1,2.6333333333333333,5.7,30.8,0.58,0.5116666666666667,0.63,0.79,0.8666666666666667,0.93
2026-05-22,Dhule,0.1,0.016666666666666666,0.1,34.4,0.54,0.48666666666666664,0.56,0.58,0.58,0.63
2026-05-22,Dindigul,0.7,2.3833333333333333,11.3,32.9,0.78,0.5850000000000001,0.78,0.51,0.5733333333333334,0.69
2026-05-22,Durg,0.0,0.0,0.0,37.5,0.58,0.5383333333333333,0.62,0.67,0.4566666666666667,0.67
2026-05-22,Eluru,0.0,0.21666666666666665,0.7,36.0,0.44,0.47833333333333333,0.58,0.5,0.585,0.65
2026-05-22,Erode,0.7,1.25,2.3,33.5,0.47,0.4683333333333333,0.51,0.92,0.8983333333333333,0.95
2026-05-22,Etawah,0.0,0.0,0.0,36.2,0.39,0.44,0.52,0.56,0.6716666666666667,0.78
2026-05-22,Faridabad,0.0,0.0,0.0,37.1,0.63,0.44,0.63,0.8,0.8033333333333333,0.89
2026-05-22,Farrukhabad,0.0,0.0,0.0,35.7,0.44,0.5650000000000001,0.76,0.87,0.8849999999999999,0.95
2026-05-22,Gandhinagar,0.0,0.0,0.0,35.3,0.39,0.4116666666666666,0.49,0.41,0.45166666666666666,0.5
2026-05-22,Ghaziabad,0.0,0.03333333333333333,0.2,36.8,0.49,0.49499999999999994,0.59,0.82,0.765,0.82
2026-05-22,Gorakhpur,0.0,0.0,0.0,33.0,0.52,0.5366666666666666,0.66,0.58,0.5,0.58
2026-05-22,Greater Noida,0.0,0.0,0.0,36.2,0.5,0.53,0.62,0.82,0.8083333333333332,0.87
2026-05-22,Gulbarga,0.7,1.633333333333333,5.6,31.4,0.59,0.4766666666666666,0.59,0.77,0.815,0.91
2026-05-22,Gurgaon,0.0,0.0,0.0,35.8,0.53,0.465,0.53,0.49,0.645,0.77
2026-05-22,Guwahati,10.8,9.549999999999999,18.6,28.4,0.38,0.5166666666666667,0.7,0.31,0.38999999999999996,0.56
2026-05-22,Gwalior,0.0,0.0,0.0,36.6,0.5,0.51,0.61,0.84,0.7333333333333334,0.84
2026-05-22,Hapur,0.0,0.0,0.0,35.4,0.46,0.5866666666666667,0.81,0.95,0.9333333333333332,0.95
2026-05-22,Hassan,5.4,3.033333333333333,8.9,25.4,0.43,0.525,0.7,0.73,0.73,0.85
2026-05-22,Hospet,0.1,0.2833333333333334,1.6,28.6,0.67,0.48500000000000004,0.67,0.47,0.5816666666666667,0.77
2026-05-22,Hosur,0.7,1.8,4.9,26.6,0.59,0.5066666666666667,0.6,0.76,0.8133333333333334,0.87
2026-05-22,Hubli,1.3,1.8499999999999999,6.0,27.2,0.53,0.5166666666666667,0.58,0.95,0.93,0.95
2026-05-22,Hyderabad,0.2,0.3,0.6,33.0,0.59,0.61,0.66,0.59,0.5033333333333333,0.63
2026-05-22,Ichalkaranji,6.0,2.3833333333333333,6.0,29.4,0.52,0.5033333333333333,0.54,0.8,0.6016666666666667,0.8
2026-05-22,Imphal,2.8,2.183333333333333,8.1,26.4,0.52,0.48500000000000004,0.52,0.7,0.7033333333333333,0.89
2026-05-22,Indore,0.0,0.0,0.0,34.5,0.64,0.6066666666666667,0.71,0.63,0.6716666666666667,0.78
2026-05-22,Jabalpur,0.0,0.0,0.0,36.4,0.48,0.48,0.57,0.64,0.5983333333333333,0.64
2026-05-22,Jaipur,0.0,0.0,0.0,35.6,0.64,0.5866666666666667,0.77,0.89,0.88,0.95
2026-05-22,Jalandhar,0.0,0.016666666666666666,0.1,33.2,0.36,0.5166666666666667,0.85,0.84,0.6983333333333333,0.84
2026-05-22,Jalgaon,0.0,0.21666666666666667,1.3,35.5,0.7,0.5566666666666666,0.71,0.61,0.7083333333333334,0.77
2026-05-22,Jalna,1.1,0.20000000000000004,1.1,34.2,0.42,0.5083333333333333,0.7,0.74,0.7883333333333334,0.84
2026-05-22,Jamshedpur,0.0,0.13333333333333333,0.5,34.3,0.39,0.45166666666666666,0.6,0.84,0.8633333333333333,0.92
2026-05-22,Junagadh,0.0,0.09999999999999999,0.6,32.4,0.33,0.4816666666666667,0.6,0.8,0.805,0.95
2026-05-22,Kadapa,0.6,0.18333333333333335,0.6,33.1,0.6,0.525,0.6,0.83,0.8383333333333333,0.95
2026-05-22,Kalyan,1.6,0.6166666666666667,1.6,33.3,0.55,0.5183333333333334,0.63,0.62,0.66,0.76
2026-05-22,Kanpur,0.0,0.0,0.0,37.5,0.67,0.5866666666666667,0.67,0.7,0.6833333333333332,0.73
2026-05-22,Kanyakumari,0.6,1.5,4.6,29.1,0.51,0.4566666666666667,0.55,0.45,0.5,0.6
2026-05-22,Karimnagar,0.0,0.03333333333333333,0.1,36.6,0.48,0.5199999999999999,0.59,0.5,0.5666666666666667,0.71
2026-05-22,Karnal,0.0,0.0,0.0,35.3,0.7,0.5016666666666666,0.7,0.75,0.785,0.95
2026-05-22,Karur,0.0,1.6666666666666667,7.2,33.1,0.48,0.4666666666666666,0.51,0.77,0.8866666666666667,0.95
2026-05-22,Khammam,0.0,0.15,0.7,35.9,0.43,0.45166666666666666,0.55,0.61,0.5633333333333334,0.8
2026-05-22,Kochi,14.3,13.216666666666669,26.6,27.5,0.58,0.5183333333333333,0.64,0.88,0.6783333333333333,0.88
2026-05-22,Kolar,2.0,2.6833333333333336,8.6,26.9,0.79,0.6083333333333333,0.79,0.44,0.5283333333333333,0.63
2026-05-22,Kolhapur,1.8,1.9833333333333334,7.2,28.9,0.51,0.5316666666666666,0.74,0.87,0.9033333333333333,0.95
2026-05-22,Kolkata,8.9,3.4166666666666665,8.9,32.3,0.61,0.725,0.87,0.83,0.7833333333333333,0.88
2026-05-22,Kollam,31.6,16.55,37.0,26.1,0.43,0.5483333333333333,0.7,0.65,0.6183333333333333,0.69
2026-05-22,Korba,0.0,0.09999999999999999,0.5,35.1,0.49,0.465,0.53,0.95,0.9266666666666666,0.95
2026-05-22,Kozhikode,7.2,9.833333333333334,23.5,27.7,0.47,0.47833333333333333,0.66,0.76,0.7166666666666667,0.76
2026-05-22,Krishnagiri,2.5,4.183333333333334,15.4,29.7,0.52,0.5633333333333334,0.69,0.6,0.5650000000000001,0.78
2026-05-22,Kurnool,0.0,0.11666666666666665,0.5,32.5,0.57,0.555,0.67,0.73,0.775,0.95
2026-05-22,Latur,0.2,0.05000000000000001,0.2,33.4,0.48,0.5116666666666667,0.57,0.82,0.7933333333333333,0.9
2026-05-22,Lucknow,0.0,0.0,0.0,35.5,0.73,0.635,0.73,0.6,0.5083333333333333,0.6
2026-05-22,Ludhiana,0.1,0.016666666666666666,0.1,33.2,0.65,0.4583333333333333,0.65,0.53,0.66,0.83
2026-05-22,Madurai,0.2,2.3166666666666664,10.7,33.8,0.59,0.5166666666666667,0.62,0.33,0.4466666666666667,0.57
2026-05-22,Malegaon,0.7,0.45,1.0,34.2,0.54,0.5633333333333334,0.63,0.59,0.525,0.59
2026-05-22,Mandya,2.5,3.15,6.9,27.6,0.41,0.4483333333333333,0.61,0.88,0.8866666666666667,0.95
2026-05-22,Mangalore,16.1,14.083333333333334,28.3,27.4,0.52,0.49833333333333335,0.57,0.78,0.8866666666666667,0.95
2026-05-22,Mathura,0.0,0.0,0.0,37.0,0.52,0.4816666666666667,0.52,0.54,0.47666666666666674,0.54
2026-05-22,Mau,0.0,0.0,0.0,33.6,0.67,0.5733333333333334,0.67,0.79,0.7999999999999999,0.86
2026-05-22,Meerut,0.0,0.0,0.0,35.8,0.33,0.465,0.55,0.59,0.545,0.61
2026-05-22,Mumbai,1.9,0.3333333333333333,1.9,31.5,0.83,0.8616666666666667,0.95,0.37,0.4116666666666666,0.48
2026-05-22,Muzaffarnagar,0.0,0.0,0.0,34.9,0.59,0.535,0.65,0.39,0.42,0.55
2026-05-22,Muzaffarpur,0.8,0.6000000000000001,2.1,30.9,0.64,0.5266666666666667,0.64,0.49,0.48500000000000004,0.61
2026-05-22,Mysore,1.9,1.8333333333333333,4.7,27.5,0.54,0.48833333333333334,0.63,0.95,0.8933333333333334,0.95
2026-05-22,Nagercoil,1.8,4.283333333333333,12.0,28.1,0.42,0.5233333333333333,0.64,0.95,0.8766666666666666,0.95
2026-05-22,Nagpur,0.0,0.0,0.0,38.9,0.63,0.5216666666666666,0.79,0.83,0.7799999999999999,0.88
2026-05-22,Namakkal,1.1,1.6166666666666665,5.1,33.1,0.46,0.5216666666666666,0.71,0.56,0.5183333333333334,0.61
2026-05-22,Nanded,0.0,0.0,0.0,37.1,0.5,0.5566666666666666,0.69,0.45,0.47333333333333333,0.52
2026-05-22,Nashik,1.2,0.4833333333333334,1.3,30.9,0.51,0.4833333333333334,0.66,0.89,0.9166666666666666,0.95
2026-05-22,Navi Mumbai,4.1,0.7333333333333333,4.1,31.6,0.57,0.6383333333333333,0.78,0.8,0.8983333333333333,0.95
2026-05-22,Nizamabad,0.0,0.21666666666666667,1.0,36.8,0.47,0.5016666666666666,0.67,0.68,0.7616666666666667,0.86
2026-05-22,Noida,0.0,0.016666666666666666,0.1,36.6,0.34,0.5016666666666666,0.71,0.71,0.79,0.89
2026-05-22,Osmanabad,0.6,0.18333333333333335,0.6,30.8,0.6,0.4916666666666667,0.6,0.63,0.725,0.95
2026-05-22,Panipat,0.0,0.016666666666666666,0.1,36.2,0.55,0.5333333333333333,0.7,0.44,0.48833333333333334,0.53
2026-05-22,Parbhani,0.2,0.03333333333333333,0.2,37.2,0.61,0.5166666666666666,0.7,0.58,0.6216666666666667,0.76
2026-05-22,Patiala,0.0,0.0,0.0,34.6,0.69,0.5966666666666667,0.74,0.64,0.685,0.79
2026-05-22,Patna,0.0,0.08333333333333333,0.5,33.0,0.63,0.515,0.63,0.48,0.5466666666666666,0.63
2026-05-22,Pune,3.4,1.5166666666666666,3.4,30.9,0.64,0.6983333333333334,0.84,0.91,0.89,0.95
2026-05-22,Purnia,2.6,1.0,2.6,29.2,0.34,0.5466666666666666,0.72,0.9,0.8183333333333334,0.9
2026-05-22,Raichur,0.0,0.3,1.1,32.1,0.6,0.5383333333333333,0.6,0.95,0.91,0.95
2026-05-22,Raipur,0.0,0.03333333333333333,0.1,37.5,0.69,0.5499999999999999,0.69,0.89,0.9216666666666667,0.95
2026-05-22,Rajkot,0.0,0.0,0.0,34.0,0.56,0.3666666666666667,0.56,0.72,0.71,0.82
2026-05-22,Ramanagara,10.7,4.883333333333333,10.7,26.3,0.42,0.48333333333333334,0.58,0.58,0.635,0.76
2026-05-22,Rampur,0.0,0.0,0.0,34.1,0.52,0.5133333333333333,0.61,0.6,0.6116666666666667,0.65
2026-05-22,Ratlam,0.0,0.0,0.0,33.3,0.52,0.5516666666666666,0.67,0.56,0.4716666666666667,0.6
2026-05-22,Rohtak,0.0,0.0,0.0,35.7,0.63,0.49,0.63,0.91,0.9166666666666666,0.95
2026-05-22,Rourkela,0.0,0.9,2.3,35.5,0.81,0.5516666666666666,0.81,0.71,0.6849999999999999,0.71
2026-05-22,Sagar,0.0,0.0,0.0,35.4,0.56,0.5433333333333333,0.72,0.54,0.5983333333333334,0.79
2026-05-22,Salem,1.5,1.8166666666666667,3.2,32.6,0.49,0.5433333333333333,0.72,0.73,0.85,0.95
2026-05-22,Sambalpur,0.0,0.16666666666666666,0.8,34.4,0.39,0.5033333333333333,0.62,0.52,0.615,0.67
2026-05-22,Sangli,4.1,1.25,4.1,29.9,0.46,0.46166666666666667,0.51,0.7,0.71,0.8
2026-05-22,Satara,4.5,1.0999999999999999,4.5,29.9,0.53,0.6016666666666667,0.73,0.46,0.47500000000000003,0.52
2026-05-22,Satna,0.0,0.0,0.0,36.0,0.48,0.5516666666666666,0.72,0.48,0.4116666666666666,0.48
2026-05-22,Shahjahanpur,0.0,0.0,0.0,33.7,0.5,0.53,0.68,0.6,0.5650000000000001,0.65
2026-05-22,Shivamogga,0.0,1.7333333333333334,4.3,26.2,0.45,0.5383333333333333,0.65,0.7,0.5366666666666666,0.7
2026-05-22,Sivakasi,0.5,1.4333333333333333,3.9,34.5,0.52,0.5299999999999999,0.67,0.49,0.5516666666666666,0.65
2026-05-22,Solapur,1.7,0.4166666666666667,1.7,31.3,0.57,0.5683333333333334,0.74,0.44,0.535,0.68
2026-05-22,Sonipat,0.0,0.016666666666666666,0.1,35.5,0.59,0.5466666666666667,0.67,0.94,0.8983333333333333,0.95
2026-05-22,Srinagar,13.2,3.783333333333333,13.2,17.2,0.47,0.425,0.54,0.79,0.7083333333333334,0.79
2026-05-22,Surat,0.0,0.0,0.0,32.3,0.52,0.6333333333333334,0.72,0.56,0.6983333333333334,0.78
2026-05-22,Thane,4.2,0.7166666666666667,4.2,32.4,0.61,0.6366666666666666,0.81,0.64,0.7633333333333333,0.88
2026-05-22,Theni,0.0,1.7666666666666666,3.9,32.0,0.53,0.5499999999999999,0.64,0.66,0.6716666666666667,0.72
2026-05-22,Thiruvananthapuram,21.0,15.049999999999999,32.2,26.4,0.52,0.5366666666666666,0.64,0.79,0.6933333333333334,0.79
2026-05-22,Thoothukudi,0.2,0.9666666666666668,3.2,32.1,0.51,0.5599999999999999,0.76,0.9,0.8016666666666667,0.9
2026-05-22,Thrissur,14.5,11.266666666666666,25.5,27.3,0.61,0.5883333333333333,0.71,0.85,0.8833333333333333,0.95
2026-05-22,Tiruchirappalli,0.0,1.0,3.3,33.1,0.72,0.5216666666666666,0.72,0.48,0.555,0.63
2026-05-22,Tirunelveli,1.9,1.6666666666666667,3.5,32.8,0.61,0.5216666666666666,0.61,0.44,0.4483333333333333,0.57
2026-05-22,Tiruppur,1.1,1.3499999999999999,4.8,31.1,0.45,0.4566666666666666,0.58,0.63,0.7316666666666668,0.81
2026-05-22,Tumakuru,1.0,2.1,7.6,26.2,0.56,0.4633333333333334,0.6,0.79,0.765,0.87
2026-05-22,Tumkur,1.0,2.1,7.6,26.2,0.53,0.6166666666666667,0.78,0.59,0.5883333333333334,0.65
2026-05-22,Udaipur,0.0,0.0,0.0,33.0,0.44,0.4816666666666667,0.58,0.83,0.7983333333333333,0.93
2026-05-22,Vadodara,0.0,0.0,0.0,35.4,0.45,0.49500000000000005,0.57,0.37,0.52,0.67
2026-05-22,Varanasi,0.0,0.0,0.0,36.2,0.43,0.41333333333333333,0.54,0.85,0.8416666666666667,0.92
2026-05-22,Vasai,0.7,0.16666666666666666,0.7,31.5,0.58,0.5,0.58,0.67,0.665,0.71
2026-05-22,Vijayawada,0.3,0.5166666666666667,2.6,37.0,0.58,0.6016666666666667,0.81,0.63,0.6416666666666667,0.72
2026-05-22,Virudhunagar,0.3,1.4333333333333333,3.8,34.0,0.44,0.465,0.59,0.73,0.7533333333333333,0.79
2026-05-22,Visakhapatnam,0.1,0.26666666666666666,1.1,34.0,0.47,0.4983333333333333,0.6,0.67,0.7083333333333334,0.83
2026-05-22,Warangal,0.0,0.03333333333333333,0.2,36.8,0.54,0.555,0.76,0.44,0.47500000000000003,0.54
2026-05-23,Agra,0.0,0.0,0.0,36.5,0.26,0.35428571428571426,0.45,0.69,0.7028571428571428,0.79
2026-05-23,Ahmedabad,0.0,0.0,0.0,35.9,0.6,0.6557142857142857,0.78,0.95,0.9199999999999999,0.95
2026-05-23,Ahmednagar,2.6,1.1142857142857143,4.7,30.6,0.42,0.45,0.57,0.65,0.5028571428571429,0.65
2026-05-23,Akola,0.0,0.0,0.0,36.0,0.63,0.49857142857142855,0.63,0.95,0.8642857142857142,0.95
2026-05-23,Aligarh,0.0,0.0,0.0,35.2,0.5,0.54,0.63,0.88,0.8642857142857142,0.93
2026-05-23,Allahabad,0.0,0.0,0.0,37.0,0.5,0.43571428571428567,0.5,0.74,0.6042857142857143,0.74
2026-05-23,Alwar,0.0,0.0,0.0,35.0,0.61,0.5542857142857143,0.83,0.71,0.63,0.75
2026-05-23,Amravati,0.0,0.0,0.0,37.1,0.49,0.47285714285714286,0.59,0.95,0.7614285714285715,0.95
2026-05-23,Amritsar,0.1,0.09999999999999999,0.6,32.2,0.44,0.39,0.45,0.52,0.45142857142857146,0.54
2026-05-23,Anantapur,6.9,1.0857142857142859,6.9,31.2,0.4,0.43857142857142856,0.58,0.66,0.6442857142857142,0.73
2026-05-23,Arrah,0.0,0.028571428571428574,0.2,34.4,0.55,0.4557142857142857,0.55,0.88,0.687142857142857,0.88
2026-05-23,Asansol,0.1,0.38571428571428573,2.0,34.2,0.45,0.4928571428571429,0.57,0.7,0.7271428571428571,0.94
2026-05-23,Aurangabad,0.3,0.12857142857142856,0.6,32.5,0.43,0.4585714285714286,0.58,0.46,0.42857142857142855,0.5
2026-05-23,Avadi,0.2,0.7285714285714286,2.6,32.1,0.45,0.5185714285714286,0.63,0.95,0.8414285714285714,0.95
2026-05-23,Bangalore,6.9,6.828571428571428,31.0,24.3,0.73,0.8071428571428572,0.95,0.6,0.5571428571428572,0.65
2026-05-23,Barasat,1.1,4.342857142857143,13.6,30.9,0.39,0.4928571428571429,0.58,0.65,0.6042857142857143,0.69
2026-05-23,Bardhaman,10.6,6.571428571428571,27.4,33.0,0.41,0.53,0.66,0.95,0.8014285714285714,0.95
2026-05-23,Bareilly,0.1,0.014285714285714287,0.1,33.8,0.4,0.5028571428571429,0.6,0.62,0.5714285714285714,0.65
2026-05-23,Bathinda,0.5,0.07142857142857142,0.5,35.4,0.52,0.48000000000000004,0.64,0.69,0.6757142857142856,0.83
2026-05-23,Begusarai,0.0,0.4571428571428572,1.3,33.0,0.47,0.44571428571428573,0.59,0.61,0.5442857142857143,0.64
2026-05-23,Belgaum,6.1,2.3285714285714283,6.1,26.7,0.42,0.42142857142857143,0.51,0.95,0.9042857142857142,0.95
2026-05-23,Bellary,2.8,0.4714285714285714,2.8,30.4,0.38,0.49571428571428566,0.59,0.84,0.7457142857142857,0.84
2026-05-23,Bhagalpur,0.0,0.7571428571428571,3.3,32.4,0.45,0.5657142857142857,0.72,0.56,0.4342857142857143,0.56
2026-05-23,Bharatpur,0.0,0.0,0.0,36.0,0.44,0.5085714285714286,0.64,0.66,0.6285714285714287,0.78
2026-05-23,Bhilwara,0.0,0.0,0.0,34.8,0.5,0.4642857142857143,0.57,0.62,0.5557142857142857,0.62
2026-05-23,Bhopal,0.0,0.0,0.0,36.5,0.43,0.5414285714285715,0.71,0.53,0.51,0.61
2026-05-23,Bhubaneswar,3.0,2.1285714285714286,7.7,33.0,0.59,0.5271428571428571,0.69,0.95,0.8985714285714286,0.95
2026-05-23,Bhusawal,0.2,0.07142857142857142,0.2,35.0,0.46,0.5,0.57,0.82,0.7357142857142858,0.82
2026-05-23,Bidar,1.2,0.7714285714285714,2.9,31.8,0.56,0.5514285714285715,0.68,0.89,0.8485714285714285,0.95
2026-05-23,Bijapur,2.0,1.1857142857142857,3.6,29.5,0.6,0.5800000000000001,0.76,0.75,0.58,0.75
2026-05-23,Bilaspur,0.0,0.11428571428571428,0.7,36.4,0.44,0.4842857142857143,0.54,0.59,0.45,0.59
2026-05-23,Bokaro Steel City,0.0,0.05714285714285715,0.2,34.7,0.46,0.5771428571428572,0.68,0.9,0.7042857142857143,0.9
2026-05-23,Chandigarh,0.0,0.04285714285714286,0.3,32.4,0.55,0.4985714285714286,0.59,0.6,0.5571428571428572,0.62
2026-05-23,Chandrapur,0.0,0.05714285714285715,0.2,39.4,0.52,0.5771428571428572,0.7,0.63,0.5057142857142857,0.63
2026-05-23,Chennai,0.0,0.9285714285714286,5.1,33.5,0.65,0.722857142857143,0.93,0.63,0.44428571428571434,0.63
2026-05-23,Chikkaballapur,6.6,2.0,6.6,25.2,0.56,0.4942857142857143,0.7,0.95,0.8542857142857143,0.95
2026-05-23,Chitradurga,1.6,1.3285714285714287,2.3,27.0,0.45,0.5057142857142857,0.68,0.65,0.6471428571428571,0.79
2026-05-23,Coimbatore,3.2,1.4000000000000001,3.2,28.5,0.4,0.4628571428571429,0.66,0.85,0.6957142857142857,0.85
2026-05-23,Darbhanga,0.0,0.8857142857142858,4.1,31.9,0.51,0.4828571428571428,0.58,0.74,0.6057142857142858,0.76
2026-05-23,Davangere,1.4,1.2285714285714284,3.7,27.5,0.39,0.5171428571428571,0.64,0.87,0.7942857142857143,0.95
2026-05-23,Dehradun,0.0,0.028571428571428574,0.2,28.5,0.35,0.5328571428571428,0.71,0.8,0.7485714285714286,0.91
2026-05-23,Delhi,0.0,0.014285714285714287,0.1,36.4,0.86,0.8071428571428572,0.89,0.95,0.9071428571428571,0.95
2026-05-23,Dewas,0.0,0.0,0.0,34.1,0.48,0.48,0.51,0.81,0.8171428571428571,0.94
2026-05-23,Dhanbad,0.0,0.1285714285714286,0.4,35.3,0.53,0.47714285714285715,0.59,0.68,0.64,0.75
2026-05-23,Dharmapuri,0.8,2.3714285714285714,5.7,29.0,0.37,0.49142857142857144,0.63,0.92,0.8742857142857143,0.93
2026-05-23,Dhule,0.9,0.14285714285714285,0.9,33.2,0.52,0.4914285714285715,0.56,0.62,0.5857142857142856,0.63
2026-05-23,Dindigul,1.9,2.314285714285714,11.3,32.2,0.38,0.5557142857142857,0.78,0.71,0.5928571428571429,0.71
2026-05-23,Durg,0.0,0.0,0.0,36.9,0.4,0.5185714285714286,0.62,0.46,0.4571428571428572,0.67
2026-05-23,Eluru,0.0,0.1857142857142857,0.7,35.2,0.47,0.47714285714285715,0.58,0.73,0.6057142857142858,0.73
2026-05-23,Erode,3.7,1.5999999999999999,3.7,31.4,0.45,0.4657142857142857,0.51,0.95,0.9057142857142857,0.95
2026-05-23,Etawah,0.0,0.0,0.0,35.5,0.42,0.43714285714285717,0.52,0.81,0.6914285714285714,0.81
2026-05-23,Faridabad,0.0,0.0,0.0,36.5,0.3,0.42,0.63,0.84,0.8085714285714286,0.89
2026-05-23,Farrukhabad,0.0,0.0,0.0,35.0,0.43,0.5457142857142857,0.76,0.89,0.8857142857142858,0.95
2026-05-23,Gandhinagar,0.0,0.0,0.0,35.1,0.37,0.4057142857142857,0.49,0.41,0.44571428571428573,0.5
2026-05-23,Ghaziabad,0.0,0.028571428571428574,0.2,35.1,0.33,0.4714285714285714,0.59,0.95,0.7914285714285715,0.95
2026-05-23,Gorakhpur,0.0,0.0,0.0,34.0,0.46,0.5257142857142857,0.66,0.78,0.5399999999999999,0.78
2026-05-23,Greater Noida,0.0,0.0,0.0,35.1,0.38,0.5085714285714286,0.62,0.95,0.8285714285714285,0.95
2026-05-23,Gulbarga,1.3,1.5857142857142856,5.6,32.6,0.39,0.4642857142857143,0.59,0.95,0.8342857142857143,0.95
2026-05-23,Gurgaon,0.0,0.0,0.0,35.0,0.45,0.4628571428571429,0.53,0.69,0.6514285714285715,0.77
2026-05-23,Guwahati,6.4,9.1,18.6,26.0,0.46,0.5085714285714286,0.7,0.46,0.39999999999999997,0.56
2026-05-23,Gwalior,0.0,0.0,0.0,37.2,0.49,0.5071428571428571,0.61,0.77,0.7385714285714285,0.84
2026-05-23,Hapur,0.7,0.09999999999999999,0.7,34.0,0.5,0.5742857142857144,0.81,0.95,0.9357142857142857,0.95
2026-05-23,Hassan,4.4,3.2285714285714286,8.9,24.9,0.7,0.5499999999999999,0.7,0.95,0.7614285714285715,0.95
2026-05-23,Hospet,2.4,0.5857142857142856,2.4,28.3,0.46,0.48142857142857143,0.67,0.57,0.5800000000000001,0.77
2026-05-23,Hosur,2.1,1.842857142857143,4.9,24.8,0.4,0.49142857142857144,0.6,0.84,0.8171428571428571,0.87
2026-05-23,Hubli,3.6,2.1,6.0,27.5,0.46,0.5085714285714286,0.58,0.94,0.9314285714285714,0.95
2026-05-23,Hyderabad,0.8,0.37142857142857144,0.8,32.6,0.87,0.6471428571428571,0.87,0.5,0.5028571428571429,0.63
2026-05-23,Ichalkaranji,3.5,2.542857142857143,6.0,29.1,0.4,0.48857142857142855,0.54,0.69,0.6142857142857142,0.8
2026-05-23,Imphal,4.0,2.442857142857143,8.1,24.9,0.42,0.4757142857142857,0.52,0.89,0.7300000000000001,0.89
2026-05-23,Indore,0.0,0.0,0.0,33.6,0.45,0.5842857142857143,0.71,0.75,0.6828571428571429,0.78
2026-05-23,Jabalpur,0.0,0.0,0.0,36.6,0.53,0.48714285714285716,0.57,0.74,0.6185714285714285,0.74
2026-05-23,Jaipur,0.0,0.0,0.0,36.2,0.58,0.5857142857142856,0.77,0.95,0.8899999999999999,0.95
2026-05-23,Jalandhar,0.1,0.028571428571428574,0.1,33.8,0.49,0.5128571428571428,0.85,0.8,0.7128571428571429,0.84
2026-05-23,Jalgaon,0.2,0.21428571428571427,1.3,34.8,0.41,0.5357142857142857,0.71,0.77,0.7171428571428571,0.77
2026-05-23,Jalna,0.2,0.2,1.1,33.6,0.57,0.5171428571428571,0.7,0.87,0.7999999999999999,0.87
2026-05-23,Jamshedpur,0.7,0.21428571428571427,0.7,34.7,0.55,0.46571428571428575,0.6,0.86,0.8628571428571429,0.92
2026-05-23,Junagadh,0.0,0.08571428571428572,0.6,33.2,0.51,0.48571428571428577,0.6,0.93,0.8228571428571428,0.95
2026-05-23,Kadapa,0.9,0.2857142857142857,0.9,33.0,0.38,0.5042857142857143,0.6,0.88,0.8442857142857143,0.95
2026-05-23,Kalyan,2.0,0.8142857142857143,2.0,32.8,0.47,0.5114285714285715,0.63,0.76,0.6742857142857143,0.76
2026-05-23,Kanpur,0.0,0.0,0.0,37.2,0.56,0.5828571428571429,0.67,0.77,0.6957142857142857,0.77
2026-05-23,Kanyakumari,0.6,1.3714285714285714,4.6,30.4,0.49,0.4614285714285714,0.55,0.61,0.5157142857142857,0.61
2026-05-23,Karimnagar,0.0,0.028571428571428574,0.1,36.8,0.59,0.53,0.59,0.6,0.5714285714285714,0.71
2026-05-23,Karnal,0.0,0.0,0.0,34.5,0.48,0.49857142857142855,0.7,0.83,0.7914285714285715,0.95
2026-05-23,Karur,1.1,1.5857142857142856,7.2,32.0,0.43,0.4614285714285714,0.51,0.95,0.8957142857142857,0.95
2026-05-23,Khammam,0.1,0.14285714285714285,0.7,35.9,0.39,0.4428571428571429,0.55,0.73,0.5871428571428572,0.8
2026-05-23,Kochi,7.7,12.428571428571429,26.6,28.1,0.56,0.5242857142857142,0.64,0.72,0.6842857142857143,0.88
2026-05-23,Kolar,9.6,3.6714285714285713,9.6,26.2,0.45,0.5857142857142856,0.79,0.5,0.5242857142857142,0.63
2026-05-23,Kolhapur,3.8,2.242857142857143,7.2,28.6,0.32,0.5014285714285714,0.74,0.95,0.91,0.95
2026-05-23,Kolkata,3.6,3.442857142857143,8.9,30.8,0.69,0.72,0.87,0.95,0.8071428571428572,0.95
2026-05-23,Kollam,4.1,14.771428571428572,37.0,27.8,0.51,0.5428571428571428,0.7,0.77,0.64,0.77
2026-05-23,Korba,0.0,0.08571428571428572,0.5,36.5,0.4,0.4557142857142857,0.53,0.95,0.9299999999999999,0.95
2026-05-23,Kozhikode,5.9,9.271428571428572,23.5,28.1,0.4,0.46714285714285714,0.66,0.82,0.7314285714285714,0.82
2026-05-23,Krishnagiri,1.4,3.7857142857142856,15.4,27.9,0.43,0.5442857142857143,0.69,0.61,0.5714285714285714,0.78
2026-05-23,Kurnool,1.1,0.2571428571428572,1.1,32.6,0.58,0.5585714285714285,0.67,0.89,0.7914285714285715,0.95
2026-05-23,Latur,0.9,0.17142857142857146,0.9,31.6,0.42,0.4985714285714286,0.57,0.83,0.7985714285714286,0.9
2026-05-23,Lucknow,0.0,0.0,0.0,36.5,0.54,0.6214285714285713,0.73,0.56,0.5157142857142857,0.6
2026-05-23,Ludhiana,0.1,0.028571428571428574,0.1,33.6,0.38,0.4471428571428571,0.65,0.75,0.6728571428571428,0.83
2026-05-23,Madurai,4.5,2.6285714285714286,10.7,32.7,0.53,0.5185714285714286,0.62,0.52,0.4571428571428572,0.57
2026-05-23,Malegaon,0.7,0.4857142857142857,1.0,32.8,0.39,0.5385714285714286,0.63,0.63,0.5399999999999999,0.63
2026-05-23,Mandya,5.4,3.4714285714285715,6.9,27.3,0.46,0.45,0.61,0.91,0.89,0.95
2026-05-23,Mangalore,5.6,12.871428571428572,28.3,27.4,0.56,0.5071428571428571,0.57,0.95,0.8957142857142857,0.95
2026-05-23,Mathura,0.0,0.0,0.0,36.2,0.39,0.4685714285714286,0.52,0.56,0.48857142857142855,0.56
2026-05-23,Mau,0.0,0.0,0.0,35.4,0.49,0.5614285714285715,0.67,0.95,0.8214285714285714,0.95
2026-05-23,Meerut,0.0,0.0,0.0,34.4,0.42,0.4585714285714286,0.55,0.7,0.5671428571428571,0.7
2026-05-23,Mumbai,1.2,0.4571428571428572,1.9,31.6,0.78,0.85,0.95,0.48,0.42142857142857143,0.48
2026-05-23,Muzaffarnagar,0.0,0.0,0.0,33.7,0.42,0.5185714285714286,0.65,0.66,0.4542857142857143,0.66
2026-05-23,Muzaffarpur,0.0,0.5142857142857143,2.1,32.2,0.4,0.5085714285714286,0.64,0.57,0.49714285714285716,0.61
2026-05-23,Mysore,13.4,3.4857142857142853,13.4,26.3,0.47,0.4857142857142857,0.63,0.94,0.9,0.95
2026-05-23,Nagercoil,1.9,3.942857142857143,12.0,29.8,0.33,0.4957142857142857,0.64,0.89,0.8785714285714287,0.95
2026-05-23,Nagpur,0.0,0.0,0.0,39.0,0.52,0.5214285714285715,0.79,0.8,0.7828571428571429,0.88
2026-05-23,Namakkal,1.8,1.6428571428571428,5.1,31.3,0.69,0.5457142857142857,0.71,0.59,0.5285714285714286,0.61
2026-05-23,Nanded,0.1,0.014285714285714287,0.1,36.1,0.46,0.5428571428571428,0.69,0.55,0.4842857142857143,0.55
2026-05-23,Nashik,4.0,0.9857142857142858,4.0,29.9,0.39,0.47000000000000003,0.66,0.95,0.9214285714285715,0.95
2026-05-23,Navi Mumbai,2.8,1.0285714285714285,4.1,31.9,0.5,0.6185714285714285,0.78,0.95,0.9057142857142857,0.95
2026-05-23,Nizamabad,0.0,0.18571428571428572,1.0,35.9,0.42,0.48999999999999994,0.67,0.76,0.7614285714285715,0.86
2026-05-23,Noida,0.0,0.014285714285714287,0.1,35.8,0.34,0.4785714285714286,0.71,0.95,0.8128571428571428,0.95
2026-05-23,Osmanabad,1.0,0.3,1.0,30.9,0.48,0.49000000000000005,0.6,0.74,0.7271428571428571,0.95
2026-05-23,Panipat,0.3,0.05714285714285715,0.3,35.0,0.47,0.5242857142857142,0.7,0.62,0.5071428571428571,0.62
2026-05-23,Parbhani,0.4,0.08571428571428573,0.4,35.5,0.48,0.5114285714285715,0.7,0.57,0.6142857142857142,0.76
2026-05-23,Patiala,0.0,0.0,0.0,34.3,0.47,0.5785714285714285,0.74,0.73,0.6914285714285714,0.79
2026-05-23,Patna,0.3,0.1142857142857143,0.5,34.4,0.5,0.5128571428571428,0.63,0.78,0.58,0.78
2026-05-23,Pune,1.7,1.542857142857143,3.4,29.0,0.71,0.7000000000000001,0.84,0.95,0.8985714285714286,0.95
2026-05-23,Purnia,0.0,0.8571428571428571,2.6,29.5,0.44,0.5314285714285714,0.72,0.89,0.8285714285714285,0.9
2026-05-23,Raichur,3.9,0.8142857142857143,3.9,31.6,0.48,0.53,0.6,0.95,0.9157142857142857,0.95
2026-05-23,Raipur,0.0,0.028571428571428574,0.1,37.6,0.55,0.55,0.69,0.95,0.9257142857142858,0.95
2026-05-23,Rajkot,0.8,0.1142857142857143,0.8,34.5,0.36,0.3657142857142857,0.56,0.69,0.7071428571428572,0.82
2026-05-23,Ramanagara,4.2,4.785714285714286,10.7,26.2,0.61,0.5014285714285714,0.61,0.7,0.6442857142857142,0.76
2026-05-23,Rampur,0.0,0.0,0.0,33.1,0.46,0.5057142857142857,0.61,0.67,0.62,0.67
2026-05-23,Ratlam,0.0,0.0,0.0,33.2,0.44,0.5357142857142857,0.67,0.52,0.4785714285714286,0.6
2026-05-23,Rohtak,0.1,0.014285714285714287,0.1,35.1,0.44,0.4828571428571428,0.63,0.95,0.9214285714285715,0.95
2026-05-23,Rourkela,0.0,0.7714285714285715,2.3,35.2,0.56,0.5528571428571428,0.81,0.68,0.6842857142857143,0.71
2026-05-23,Sagar,0.0,0.0,0.0,35.5,0.58,0.5485714285714286,0.72,0.69,0.6114285714285714,0.79
2026-05-23,Salem,1.2,1.7285714285714284,3.2,30.8,0.51,0.5385714285714286,0.72,0.95,0.8642857142857142,0.95
2026-05-23,Sambalpur,0.0,0.14285714285714285,0.8,34.3,0.35,0.48142857142857143,0.62,0.56,0.6071428571428571,0.67
2026-05-23,Sangli,2.6,1.4428571428571428,4.1,29.2,0.59,0.48,0.59,0.79,0.7214285714285714,0.8
2026-05-23,Satara,1.8,1.2,4.5,28.7,0.39,0.5714285714285714,0.73,0.48,0.4757142857142857,0.52
2026-05-23,Satna,0.0,0.0,0.0,36.0,0.44,0.5357142857142857,0.72,0.49,0.4228571428571429,0.49
2026-05-23,Shahjahanpur,0.0,0.0,0.0,33.3,0.59,0.5385714285714286,0.68,0.63,0.5742857142857142,0.65
2026-05-23,Shivamogga,6.3,2.3857142857142857,6.3,27.1,0.44,0.5242857142857142,0.65,0.42,0.52,0.7
2026-05-23,Sivakasi,4.9,1.9285714285714286,4.9,33.5,0.63,0.5442857142857143,0.67,0.6,0.5585714285714286,0.65
2026-05-23,Solapur,2.0,0.6428571428571429,2.0,32.0,0.58,0.57,0.74,0.82,0.5757142857142857,0.82
2026-05-23,Sonipat,0.1,0.028571428571428574,0.1,34.4,0.44,0.5314285714285715,0.67,0.92,0.9014285714285714,0.95
2026-05-23,Srinagar,0.9,3.371428571428571,13.2,16.9,0.29,0.4057142857142857,0.54,0.71,0.7085714285714285,0.79
2026-05-23,Surat,0.0,0.0,0.0,33.0,0.61,0.63,0.72,0.71,0.7000000000000001,0.78
2026-05-23,Thane,2.4,0.9571428571428571,4.2,31.6,0.62,0.6342857142857142,0.81,0.76,0.7628571428571428,0.88
2026-05-23,Theni,0.6,1.5999999999999999,3.9,31.6,0.52,0.5457142857142857,0.64,0.75,0.6828571428571429,0.75
2026-05-23,Thiruvananthapuram,3.9,13.457142857142857,32.2,27.9,0.38,0.5142857142857143,0.64,0.76,0.7028571428571428,0.79
2026-05-23,Thoothukudi,0.1,0.8428571428571429,3.2,32.8,0.5,0.5514285714285714,0.76,0.95,0.8228571428571428,0.95
2026-05-23,Thrissur,5.6,10.457142857142857,25.5,27.6,0.41,0.5628571428571428,0.71,0.85,0.8785714285714284,0.95
2026-05-23,Tiruchirappalli,1.5,1.0714285714285714,3.3,31.7,0.56,0.5271428571428571,0.72,0.6,0.5614285714285714,0.63
2026-05-23,Tirunelveli,2.1,1.7285714285714284,3.5,32.7,0.47,0.5142857142857143,0.61,0.52,0.4585714285714286,0.57
2026-05-23,Tiruppur,6.6,2.1,6.6,30.2,0.45,0.4557142857142857,0.58,0.84,0.7471428571428572,0.84
2026-05-23,Tumakuru,8.1,2.957142857142857,8.1,25.8,0.53,0.47285714285714286,0.6,0.77,0.7657142857142858,0.87
2026-05-23,Tumkur,8.1,2.957142857142857,8.1,25.8,0.42,0.5885714285714286,0.78,0.72,0.6071428571428571,0.72
2026-05-23,Udaipur,0.0,0.0,0.0,33.6,0.48,0.48142857142857143,0.58,0.86,0.8071428571428572,0.93
2026-05-23,Vadodara,0.1,0.014285714285714287,0.1,35.1,0.44,0.48714285714285716,0.57,0.65,0.5385714285714286,0.67
2026-05-23,Varanasi,0.0,0.0,0.0,37.5,0.34,0.4028571428571429,0.54,0.95,0.8571428571428571,0.95
2026-05-23,Vasai,0.0,0.14285714285714285,0.7,32.4,0.45,0.4928571428571428,0.58,0.91,0.7000000000000001,0.91
2026-05-23,Vijayawada,0.0,0.4428571428571429,2.6,36.4,0.55,0.5942857142857143,0.81,0.72,0.6528571428571429,0.72
2026-05-23,Virudhunagar,2.9,1.6428571428571428,3.8,33.6,0.5,0.47000000000000003,0.59,0.94,0.78,0.94
2026-05-23,Visakhapatnam,0.2,0.2571428571428572,1.1,36.2,0.39,0.4828571428571428,0.6,0.81,0.722857142857143,0.83
2026-05-23,Warangal,0.0,0.028571428571428574,0.2,36.6,0.63,0.5657142857142857,0.76,0.56,0.48714285714285716,0.56
2026-05-24,Agra,0.0,0.0,0.0,36.8,0.2,0.35428571428571426,0.45,0.81,0.7057142857142856,0.81
2026-05-24,Ahmedabad,0.0,0.0,0.0,35.6,0.2,0.6085714285714285,0.78,0.95,0.9214285714285715,0.95
2026-05-24,Ahmednagar,0.3,1.157142857142857,4.7,30.7,0.2,0.4057142857142857,0.57,0.47,0.4871428571428571,0.65
2026-05-24,Akola,0.1,0.014285714285714287,0.1,36.0,0.2,0.4685714285714285,0.63,0.95,0.8871428571428571,0.95
2026-05-24,Aligarh,0.0,0.0,0.0,35.3,0.2,0.5014285714285714,0.63,0.95,0.8671428571428572,0.95
2026-05-24,Allahabad,0.0,0.0,0.0,37.1,0.2,0.39999999999999997,0.5,0.62,0.5885714285714286,0.74
2026-05-24,Alwar,0.0,0.0,0.0,35.5,0.2,0.52,0.83,0.8,0.6385714285714286,0.8
2026-05-24,Amravati,0.0,0.0,0.0,36.3,0.2,0.4314285714285715,0.59,0.79,0.7628571428571428,0.95
2026-05-24,Amritsar,0.0,0.09999999999999999,0.6,33.4,0.2,0.3814285714285714,0.45,0.46,0.44,0.53
2026-05-24,Anantapur,3.3,1.5285714285714285,6.9,30.8,0.2,0.41714285714285715,0.58,0.53,0.6328571428571428,0.73
2026-05-24,Arrah,0.0,0.028571428571428574,0.2,34.0,0.2,0.41571428571428576,0.55,0.95,0.7242857142857142,0.95
2026-05-24,Asansol,3.2,0.8142857142857143,3.2,33.1,0.2,0.4557142857142857,0.57,0.75,0.7214285714285714,0.94
2026-05-24,Aurangabad,0.5,0.19999999999999998,0.6,32.2,0.24,0.4371428571428571,0.58,0.57,0.44,0.57
2026-05-24,Avadi,1.5,0.5714285714285714,1.6,33.0,0.2,0.4785714285714286,0.63,0.82,0.8342857142857143,0.95
2026-05-24,Bangalore,4.5,7.471428571428571,31.0,25.1,0.23,0.7214285714285714,0.95,0.67,0.5685714285714286,0.67
2026-05-24,Barasat,4.2,3.0000000000000004,10.4,32.2,0.2,0.4442857142857143,0.58,0.67,0.6014285714285714,0.67
2026-05-24,Bardhaman,12.8,7.685714285714285,27.4,32.5,0.2,0.48714285714285716,0.66,0.91,0.7957142857142856,0.95
2026-05-24,Bareilly,0.0,0.014285714285714287,0.1,33.3,0.2,0.46714285714285714,0.6,0.54,0.5557142857142857,0.62
2026-05-24,Bathinda,0.0,0.07142857142857142,0.5,36.4,0.2,0.4471428571428571,0.64,0.79,0.6699999999999999,0.79
2026-05-24,Begusarai,0.0,0.4571428571428572,1.3,32.8,0.2,0.41714285714285715,0.59,0.45,0.5171428571428571,0.61
2026-05-24,Belgaum,0.0,2.257142857142857,6.1,26.6,0.2,0.39571428571428574,0.51,0.93,0.9014285714285714,0.95
2026-05-24,Bellary,13.5,2.3428571428571425,13.5,29.9,0.2,0.4614285714285714,0.59,0.74,0.7314285714285714,0.84
2026-05-24,Bhagalpur,0.0,0.7571428571428571,3.3,33.4,0.2,0.5028571428571429,0.72,0.53,0.43,0.56
2026-05-24,Bharatpur,0.0,0.0,0.0,36.3,0.2,0.4714285714285714,0.64,0.69,0.6271428571428571,0.78
2026-05-24,Bhilwara,0.0,0.0,0.0,35.9,0.2,0.43,0.57,0.71,0.5700000000000001,0.71
2026-05-24,Bhopal,0.0,0.0,0.0,36.3,0.2,0.5,0.71,0.53,0.4985714285714286,0.54
2026-05-24,Bhubaneswar,0.0,2.1285714285714286,7.7,33.1,0.2,0.48857142857142855,0.69,0.95,0.8985714285714286,0.95
2026-05-24,Bhusawal,0.0,0.07142857142857142,0.2,34.9,0.2,0.4471428571428572,0.53,0.7,0.7314285714285713,0.82
2026-05-24,Bidar,0.0,0.7571428571428571,2.9,31.6,0.2,0.5314285714285715,0.68,0.89,0.8414285714285715,0.95
2026-05-24,Bijapur,0.6,1.2714285714285716,3.6,29.8,0.2,0.5385714285714286,0.76,0.81,0.6028571428571429,0.81
2026-05-24,Bilaspur,0.0,0.11428571428571428,0.7,35.2,0.29,0.4571428571428572,0.54,0.52,0.4557142857142857,0.59
2026-05-24,Bokaro Steel City,0.0,0.028571428571428574,0.1,34.2,0.2,0.5542857142857144,0.68,0.74,0.7042857142857143,0.9
2026-05-24,Chandigarh,0.3,0.08571428571428572,0.3,33.5,0.2,0.47000000000000003,0.59,0.56,0.5514285714285714,0.62
2026-05-24,Chandrapur,0.0,0.05714285714285715,0.2,38.8,0.2,0.5485714285714286,0.7,0.56,0.5071428571428572,0.63
2026-05-24,Chennai,0.3,0.24285714285714285,1.2,34.2,0.2,0.6657142857142857,0.93,0.48,0.4371428571428571,0.63
2026-05-24,Chikkaballapur,3.0,2.3857142857142857,6.6,25.8,0.2,0.4742857142857143,0.7,0.91,0.8557142857142856,0.95
2026-05-24,Chitradurga,4.6,1.6571428571428573,4.6,27.3,0.2,0.46571428571428575,0.68,0.75,0.6542857142857142,0.79
2026-05-24,Coimbatore,2.4,1.642857142857143,3.2,28.6,0.24,0.45142857142857146,0.66,0.84,0.6985714285714285,0.85
2026-05-24,Darbhanga,0.0,0.8857142857142858,4.1,31.1,0.2,0.45285714285714285,0.58,0.68,0.6185714285714285,0.76
2026-05-24,Davangere,2.2,1.1571428571428573,3.7,27.1,0.43,0.48714285714285716,0.61,0.84,0.7914285714285713,0.95
2026-05-24,Dehradun,0.0,0.028571428571428574,0.2,28.2,0.2,0.5028571428571429,0.71,0.84,0.7571428571428571,0.91
2026-05-24,Delhi,0.0,0.0,0.0,36.1,0.2,0.7157142857142856,0.89,0.95,0.9071428571428571,0.95
2026-05-24,Dewas,0.2,0.028571428571428574,0.2,34.4,0.2,0.43571428571428567,0.51,0.78,0.8085714285714286,0.94
2026-05-24,Dhanbad,0.0,0.09999999999999999,0.4,34.5,0.2,0.42142857142857143,0.53,0.73,0.6485714285714286,0.75
2026-05-24,Dharmapuri,12.4,3.942857142857143,12.4,29.4,0.2,0.4471428571428571,0.63,0.95,0.8771428571428572,0.95
2026-05-24,Dhule,0.0,0.14285714285714285,0.9,34.1,0.2,0.4642857142857143,0.56,0.83,0.6142857142857142,0.83
2026-05-24,Dindigul,1.3,0.8857142857142858,1.9,31.9,0.2,0.5042857142857143,0.78,0.7,0.5942857142857143,0.71
2026-05-24,Durg,0.0,0.0,0.0,36.5,0.2,0.46714285714285714,0.62,0.4,0.46,0.67
2026-05-24,Eluru,0.0,0.09999999999999999,0.7,35.6,0.2,0.4471428571428571,0.58,0.77,0.6271428571428571,0.77
2026-05-24,Erode,5.8,2.314285714285714,5.8,32.0,0.2,0.4228571428571429,0.51,0.95,0.9057142857142857,0.95
2026-05-24,Etawah,0.0,0.0,0.0,35.9,0.2,0.4057142857142857,0.52,0.76,0.6885714285714285,0.81
2026-05-24,Faridabad,0.0,0.0,0.0,36.0,0.2,0.3985714285714286,0.63,0.73,0.7928571428571428,0.89
2026-05-24,Farrukhabad,0.0,0.0,0.0,35.1,0.2,0.4985714285714286,0.76,0.88,0.8757142857142857,0.95
2026-05-24,Gandhinagar,0.0,0.0,0.0,35.2,0.2,0.37714285714285717,0.49,0.69,0.47714285714285715,0.69
2026-05-24,Ghaziabad,0.0,0.0,0.0,36.2,0.2,0.4414285714285714,0.59,0.82,0.7914285714285713,0.95
2026-05-24,Gorakhpur,0.0,0.0,0.0,33.1,0.2,0.4928571428571428,0.66,0.55,0.5457142857142857,0.78
2026-05-24,Greater Noida,0.0,0.0,0.0,36.0,0.2,0.48000000000000004,0.62,0.84,0.8328571428571429,0.95
2026-05-24,Gulbarga,1.4,1.7428571428571427,5.6,31.9,0.2,0.41714285714285715,0.59,0.92,0.8357142857142856,0.95
2026-05-24,Gurgaon,0.0,0.0,0.0,34.6,0.2,0.43571428571428567,0.53,0.82,0.6728571428571428,0.82
2026-05-24,Guwahati,6.6,7.8999999999999995,18.6,26.9,0.2,0.4628571428571429,0.7,0.56,0.4128571428571429,0.56
2026-05-24,Gwalior,0.0,0.0,0.0,37.8,0.2,0.4614285714285714,0.61,0.74,0.7257142857142858,0.84
2026-05-24,Hapur,0.0,0.09999999999999999,0.7,34.6,0.23,0.5128571428571429,0.81,0.95,0.9357142857142857,0.95
2026-05-24,Hassan,1.1,3.3285714285714287,8.9,25.5,0.2,0.5,0.7,0.89,0.7671428571428571,0.95
2026-05-24,Hospet,9.6,1.7285714285714284,9.6,29.1,0.2,0.44571428571428573,0.67,0.65,0.5785714285714285,0.77
2026-05-24,Hosur,6.1,2.7142857142857144,6.1,25.9,0.2,0.4342857142857143,0.59,0.8,0.807142857142857,0.87
2026-05-24,Hubli,0.0,1.8428571428571427,6.0,27.6,0.2,0.4571428571428572,0.58,0.95,0.9314285714285714,0.95
2026-05-24,Hyderabad,0.0,0.31428571428571433,0.8,32.5,0.2,0.5957142857142858,0.87,0.76,0.5371428571428571,0.76
2026-05-24,Ichalkaranji,0.9,2.557142857142857,6.0,28.8,0.2,0.4428571428571429,0.54,0.61,0.6071428571428571,0.8
2026-05-24,Imphal,3.3,1.7571428571428573,4.0,25.2,0.53,0.4928571428571429,0.53,0.74,0.7085714285714285,0.89
2026-05-24,Indore,0.1,0.014285714285714287,0.1,33.7,0.38,0.5471428571428572,0.71,0.76,0.6985714285714285,0.78
2026-05-24,Jabalpur,0.0,0.0,0.0,36.9,0.2,0.4342857142857143,0.53,0.69,0.6257142857142857,0.74
2026-05-24,Jaipur,0.0,0.0,0.0,36.9,0.2,0.5485714285714286,0.77,0.93,0.8871428571428571,0.95
2026-05-24,Jalandhar,0.0,0.028571428571428574,0.1,33.7,0.67,0.5185714285714286,0.85,0.76,0.7142857142857143,0.84
2026-05-24,Jalgaon,0.0,0.21428571428571427,1.3,35.1,0.2,0.5128571428571428,0.71,0.75,0.7142857142857143,0.77
2026-05-24,Jalna,0.0,0.2,1.1,33.5,0.2,0.4714285714285714,0.7,0.86,0.8099999999999999,0.87
2026-05-24,Jamshedpur,2.2,0.4571428571428572,2.2,34.6,0.2,0.4414285714285714,0.6,0.82,0.8485714285714285,0.89
2026-05-24,Junagadh,0.0,0.08571428571428572,0.6,32.6,0.2,0.4585714285714286,0.6,0.9,0.8157142857142857,0.93
2026-05-24,Kadapa,0.4,0.34285714285714286,0.9,34.0,0.2,0.46,0.6,0.86,0.8314285714285713,0.95
2026-05-24,Kalyan,4.4,1.442857142857143,4.4,32.1,0.2,0.48000000000000004,0.63,0.58,0.6485714285714286,0.76
2026-05-24,Kanpur,0.0,0.0,0.0,37.2,0.2,0.5285714285714286,0.67,0.95,0.7285714285714285,0.95
2026-05-24,Kanyakumari,0.2,1.2571428571428573,4.6,29.2,0.2,0.4114285714285714,0.51,0.53,0.5199999999999999,0.61
2026-05-24,Karimnagar,0.0,0.014285714285714287,0.1,36.2,0.2,0.49857142857142855,0.59,0.62,0.5657142857142857,0.71
2026-05-24,Karnal,0.0,0.0,0.0,35.0,0.2,0.4657142857142857,0.7,0.81,0.7714285714285714,0.9
2026-05-24,Karur,6.5,1.4857142857142855,6.5,31.8,0.2,0.41857142857142854,0.51,0.93,0.8928571428571429,0.95
2026-05-24,Khammam,0.0,0.11428571428571425,0.7,36.2,0.2,0.42857142857142866,0.55,0.58,0.5914285714285715,0.8
2026-05-24,Kochi,30.9,13.042857142857143,30.9,26.9,0.2,0.4828571428571428,0.64,0.68,0.6914285714285714,0.88
2026-05-24,Kolar,2.4,4.014285714285714,9.6,26.9,0.2,0.5528571428571428,0.79,0.47,0.5171428571428571,0.63
2026-05-24,Kolhapur,0.2,2.157142857142857,7.2,27.6,0.25,0.4671428571428572,0.74,0.95,0.9157142857142857,0.95
2026-05-24,Kolkata,2.2,3.0714285714285716,8.9,32.8,0.23,0.6514285714285714,0.87,0.9,0.8099999999999999,0.95
2026-05-24,Kollam,20.4,12.4,31.6,26.9,0.32,0.5214285714285715,0.7,0.71,0.6457142857142857,0.77
2026-05-24,Korba,0.0,0.07142857142857142,0.5,35.7,0.2,0.42,0.53,0.95,0.9314285714285715,0.95
2026-05-24,Kozhikode,15.0,9.514285714285716,23.5,27.6,0.2,0.44142857142857145,0.66,0.95,0.7585714285714287,0.95
2026-05-24,Krishnagiri,4.2,4.328571428571429,15.4,29.6,0.21,0.48714285714285716,0.69,0.5,0.5314285714285714,0.61
2026-05-24,Kurnool,1.2,0.35714285714285715,1.2,32.3,0.2,0.5214285714285715,0.67,0.88,0.7814285714285714,0.89
2026-05-24,Latur,0.0,0.17142857142857146,0.9,32.0,0.2,0.4471428571428571,0.57,0.95,0.8200000000000001,0.95
2026-05-24,Lucknow,0.0,0.0,0.0,36.5,0.2,0.5657142857142857,0.73,0.57,0.5128571428571428,0.6
2026-05-24,Ludhiana,0.0,0.028571428571428574,0.1,33.8,0.2,0.40857142857142864,0.65,0.65,0.647142857142857,0.75
2026-05-24,Madurai,3.8,1.6428571428571428,4.5,33.8,0.2,0.4742857142857143,0.62,0.76,0.48857142857142855,0.76
2026-05-24,Malegaon,1.2,0.6571428571428571,1.2,33.2,0.2,0.48857142857142855,0.63,0.55,0.5371428571428571,0.63
2026-05-24,Mandya,2.1,3.757142857142857,6.9,27.5,0.2,0.42142857142857143,0.61,0.93,0.8885714285714287,0.95
2026-05-24,Mangalore,2.8,12.271428571428572,28.3,27.4,0.2,0.4657142857142857,0.57,0.94,0.8971428571428571,0.95
2026-05-24,Mathura,0.0,0.0,0.0,36.2,0.2,0.43000000000000005,0.52,0.6,0.51,0.6
2026-05-24,Mau,0.0,0.0,0.0,34.0,0.2,0.5114285714285715,0.67,0.79,0.812857142857143,0.95
2026-05-24,Meerut,0.0,0.0,0.0,35.2,0.2,0.4385714285714286,0.55,0.68,0.5828571428571429,0.7
2026-05-24,Mumbai,3.1,0.9,3.1,31.4,0.2,0.7528571428571429,0.95,0.53,0.42857142857142855,0.53
2026-05-24,Muzaffarnagar,0.0,0.0,0.0,34.5,0.38,0.5185714285714286,0.65,0.54,0.4585714285714286,0.66
2026-05-24,Muzaffarpur,0.3,0.5571428571428572,2.1,31.6,0.2,0.47857142857142854,0.64,0.56,0.5142857142857143,0.61
2026-05-24,Mysore,7.8,4.585714285714286,13.4,27.1,0.2,0.4685714285714286,0.63,0.95,0.9028571428571429,0.95
2026-05-24,Nagercoil,1.4,2.4285714285714284,6.8,28.6,0.2,0.4471428571428571,0.64,0.95,0.8785714285714284,0.95
2026-05-24,Nagpur,0.0,0.0,0.0,38.3,0.2,0.51,0.79,0.8,0.7828571428571429,0.88
2026-05-24,Namakkal,10.7,2.442857142857143,10.7,32.2,0.2,0.5228571428571429,0.71,0.64,0.5328571428571429,0.64
2026-05-24,Nanded,0.0,0.014285714285714287,0.1,35.6,0.2,0.5085714285714286,0.69,0.48,0.48285714285714293,0.55
2026-05-24,Nashik,4.2,1.5857142857142859,4.2,29.1,0.31,0.4571428571428572,0.66,0.95,0.9214285714285714,0.95
2026-05-24,Navi Mumbai,6.7,1.9857142857142855,6.7,31.4,0.2,0.5742857142857144,0.78,0.95,0.91,0.95
2026-05-24,Nizamabad,0.0,0.18571428571428572,1.0,35.7,0.2,0.45,0.67,0.92,0.7699999999999999,0.92
2026-05-24,Noida,0.0,0.0,0.0,36.2,0.2,0.4457142857142857,0.71,0.92,0.8171428571428573,0.95
2026-05-24,Osmanabad,0.0,0.3,1.0,30.8,0.27,0.47285714285714286,0.6,0.86,0.7142857142857143,0.86
2026-05-24,Panipat,0.0,0.04285714285714286,0.3,35.7,0.2,0.48857142857142855,0.7,0.51,0.5042857142857142,0.62
2026-05-24,Parbhani,0.0,0.08571428571428573,0.4,35.3,0.2,0.48,0.7,0.65,0.6242857142857143,0.76
2026-05-24,Patiala,0.0,0.0,0.0,34.6,0.2,0.5514285714285714,0.74,0.73,0.6871428571428572,0.79
2026-05-24,Patna,0.0,0.1142857142857143,0.5,34.1,0.2,0.4714285714285714,0.63,0.63,0.5800000000000001,0.78
2026-05-24,Pune,3.6,2.042857142857143,3.6,29.8,0.2,0.65,0.84,0.95,0.8985714285714285,0.95
2026-05-24,Purnia,0.0,0.8571428571428571,2.6,30.1,0.28,0.5014285714285714,0.72,0.95,0.8357142857142856,0.95
2026-05-24,Raichur,0.4,0.7857142857142857,3.9,31.2,0.2,0.4942857142857142,0.6,0.89,0.9071428571428571,0.95
2026-05-24,Raipur,0.0,0.014285714285714287,0.1,36.7,0.2,0.48999999999999994,0.69,0.95,0.9257142857142856,0.95
2026-05-24,Rajkot,2.0,0.39999999999999997,2.0,34.1,0.2,0.35571428571428576,0.56,0.75,0.6971428571428572,0.8
2026-05-24,Ramanagara,4.9,5.471428571428571,10.7,26.9,0.2,0.47428571428571425,0.61,0.65,0.6285714285714287,0.7
2026-05-24,Rampur,0.0,0.0,0.0,33.5,0.2,0.4828571428571428,0.61,0.64,0.6185714285714285,0.67
2026-05-24,Ratlam,0.0,0.0,0.0,33.0,0.2,0.48714285714285716,0.67,0.47,0.45999999999999996,0.56
2026-05-24,Rohtak,0.0,0.014285714285714287,0.1,35.4,0.2,0.46,0.63,0.94,0.9199999999999999,0.95
2026-05-24,Rourkela,0.3,0.4857142857142857,2.0,34.7,0.2,0.5242857142857144,0.81,0.86,0.7057142857142856,0.86
2026-05-24,Sagar,0.0,0.0,0.0,35.8,0.2,0.5271428571428571,0.72,0.59,0.5828571428571429,0.69
2026-05-24,Salem,8.0,2.642857142857143,8.0,31.6,0.2,0.48714285714285716,0.72,0.84,0.8485714285714285,0.95
2026-05-24,Sambalpur,0.0,0.14285714285714285,0.8,33.8,0.2,0.4485714285714285,0.62,0.75,0.6228571428571429,0.75
2026-05-24,Sangli,1.0,1.5714285714285714,4.1,28.9,0.2,0.43571428571428567,0.59,0.87,0.7471428571428571,0.87
2026-05-24,Satara,3.2,1.6428571428571428,4.5,28.1,0.2,0.5399999999999999,0.73,0.47,0.4685714285714285,0.5
2026-05-24,Satna,0.0,0.0,0.0,36.5,0.2,0.5014285714285714,0.72,0.53,0.4342857142857143,0.53
2026-05-24,Shahjahanpur,0.0,0.0,0.0,33.6,0.2,0.5128571428571429,0.68,0.45,0.55,0.65
2026-05-24,Shivamogga,1.0,2.0285714285714285,6.3,27.2,0.2,0.47714285714285715,0.65,0.52,0.5057142857142857,0.7
2026-05-24,Sivakasi,11.7,3.0428571428571423,11.7,34.8,0.2,0.5071428571428571,0.67,0.63,0.5557142857142857,0.63
2026-05-24,Solapur,1.1,0.7999999999999999,2.0,31.7,0.2,0.5314285714285714,0.74,0.63,0.5714285714285714,0.82
2026-05-24,Sonipat,0.0,0.014285714285714287,0.1,35.0,0.2,0.48,0.67,0.95,0.9071428571428571,0.95
2026-05-24,Srinagar,1.0,3.514285714285714,13.2,17.9,0.28,0.3685714285714286,0.52,0.9,0.7342857142857143,0.9
2026-05-24,Surat,0.0,0.0,0.0,33.2,0.2,0.5642857142857143,0.72,0.72,0.6914285714285714,0.78
2026-05-24,Thane,7.0,1.957142857142857,7.0,31.9,0.2,0.58,0.81,0.86,0.7728571428571429,0.88
2026-05-24,Theni,1.0,1.2285714285714289,3.9,31.9,0.2,0.4828571428571428,0.57,0.78,0.6928571428571428,0.78
2026-05-24,Thiruvananthapuram,28.5,12.928571428571429,28.5,26.2,0.48,0.49142857142857144,0.63,0.63,0.6885714285714285,0.79
2026-05-24,Thoothukudi,1.1,0.5428571428571429,1.1,34.0,0.2,0.52,0.76,0.82,0.8242857142857142,0.95
2026-05-24,Thrissur,17.9,9.37142857142857,17.9,27.4,0.2,0.5257142857142857,0.71,0.93,0.8757142857142857,0.95
2026-05-24,Tiruchirappalli,1.2,0.7714285714285715,1.5,32.0,0.2,0.48714285714285716,0.72,0.64,0.5628571428571428,0.64
2026-05-24,Tirunelveli,3.1,1.6714285714285713,3.1,33.1,0.2,0.4771428571428572,0.61,0.49,0.4557142857142858,0.57
2026-05-24,Tiruppur,2.8,1.8142857142857143,6.6,30.8,0.2,0.4257142857142857,0.58,0.76,0.74,0.84
2026-05-24,Tumakuru,10.5,4.314285714285714,10.5,26.3,0.2,0.41571428571428576,0.56,0.95,0.777142857142857,0.95
2026-05-24,Tumkur,10.5,4.314285714285714,10.5,26.3,0.2,0.5328571428571429,0.78,0.69,0.6128571428571429,0.72
2026-05-24,Udaipur,0.0,0.0,0.0,33.5,0.2,0.4428571428571429,0.58,0.87,0.7985714285714286,0.87
2026-05-24,Vadodara,0.0,0.014285714285714287,0.1,35.7,0.2,0.4442857142857143,0.57,0.47,0.5314285714285714,0.67
2026-05-24,Varanasi,0.0,0.0,0.0,38.0,0.2,0.38,0.54,0.87,0.8585714285714285,0.95
2026-05-24,Vasai,3.6,0.6142857142857142,3.6,30.9,0.2,0.4557142857142857,0.58,0.75,0.7057142857142857,0.91
2026-05-24,Vijayawada,0.4,0.1285714285714286,0.4,37.2,0.2,0.55,0.81,0.71,0.6614285714285714,0.72
2026-05-24,Virudhunagar,8.3,2.5142857142857147,8.3,33.8,0.2,0.42428571428571427,0.59,0.92,0.8057142857142857,0.94
2026-05-24,Visakhapatnam,0.0,0.2571428571428572,1.1,34.4,0.2,0.4585714285714286,0.6,0.95,0.7428571428571428,0.95
2026-05-24,Warangal,0.0,0.028571428571428574,0.2,36.5,0.2,0.5357142857142857,0.76,0.56,0.4928571428571429,0.56
