date,city,city_tier,traffic_risk,weather_risk,demand_risk,risk_score,risk_classification,congestion_level,rainfall_mm,temperature,demand_index,is_anomaly,anomaly_score
2026-05-17,Agra,Tier 2,13.333333333333336,0.0,38.00000000000001,14.833333333333336,Low,0.2,0.0,34.8,0.74,False,0.435
2026-05-17,Ahmedabad,Tier 2,43.0,11.000000000000014,86.66666666666666,42.71666666666667,Medium,0.53,0.0,36.1,0.95,False,0.211
2026-05-17,Ahmednagar,Tier 3,41.0,0.0,16.000000000000007,20.400000000000006,Low,0.51,0.0,33.5,0.56,False,0.045
2026-05-17,Akola,Tier 3,31.0,22.00000000000003,78.66666666666669,39.76666666666668,Medium,0.41,0.0,37.2,0.92,False,0.465
2026-05-17,Aligarh,Tier 3,37.0,0.0,83.99999999999999,35.8,Medium,0.47,0.0,33.2,0.94,False,0.263
2026-05-17,Allahabad,Tier 2,35.0,7.999999999999971,26.000000000000007,23.29999999999999,Low,0.45,0.0,35.8,0.66,False,0.102
2026-05-17,Alwar,Tier 3,34.0,0.0,26.000000000000007,20.1,Low,0.44,0.0,33.5,0.66,False,0.082
2026-05-17,Amravati,Tier 3,39.0,10.0,36.00000000000001,28.1,Low,0.49,0.0,36.0,0.73,False,0.082
2026-05-17,Amritsar,Tier 2,17.333333333333336,0.0,12.000000000000002,9.933333333333335,Low,0.26,0.0,32.3,0.52,False,0.446
2026-05-17,Anantapur,Tier 3,25.0,0.6,29.0,17.46,Low,0.35,0.2,33.0,0.69,False,0.257
2026-05-17,Arrah,Tier 3,38.0,0.0,42.00000000000001,25.700000000000003,Low,0.48,0.0,33.3,0.76,False,0.054
2026-05-17,Asansol,Tier 3,36.0,0.6,38.00000000000001,24.110000000000003,Low,0.46,0.2,33.2,0.74,False,0.083
2026-05-17,Aurangabad,Tier 3,29.000000000000004,0.0,27.000000000000007,18.35,Low,0.39,0.0,34.8,0.67,False,0.154
2026-05-17,Avadi,Tier 3,38.0,7.800000000000001,56.0,31.93,Medium,0.48,2.6,31.7,0.83,False,0.095
2026-05-17,Bangalore,Tier 1,82.99999999999999,0.0,24.000000000000004,39.199999999999996,Medium,0.83,0.0,28.3,0.64,False,0.481
2026-05-17,Barasat,Tier 3,44.0,36.5,44.000000000000014,41.375,Medium,0.54,13.6,31.6,0.77,False,0.39
2026-05-17,Bardhaman,Tier 3,40.0,15.0,56.0,35.25,Medium,0.5,5.0,32.1,0.83,False,0.164
2026-05-17,Bareilly,Tier 3,35.0,0.0,48.000000000000014,26.000000000000004,Low,0.45,0.0,31.8,0.79,False,0.086
2026-05-17,Bathinda,Tier 3,33.0,0.0,36.00000000000001,22.200000000000003,Low,0.43,0.0,34.0,0.73,False,0.093
2026-05-17,Begusarai,Tier 3,30.000000000000004,0.0,21.0,17.25,Low,0.4,0.0,31.7,0.61,False,0.134
2026-05-17,Belgaum,Tier 3,28.0,1.5,86.66666666666666,33.391666666666666,Medium,0.38,0.5,29.7,0.95,False,0.416
2026-05-17,Bellary,Tier 3,34.0,1.2,50.000000000000014,26.520000000000003,Low,0.44,0.4,31.6,0.8,False,0.147
2026-05-17,Bhagalpur,Tier 3,56.0,0.0,8.8,24.6,Low,0.64,0.0,30.1,0.44,False,0.273
2026-05-17,Bharatpur,Tier 3,36.0,0.0,27.000000000000007,21.150000000000002,Low,0.46,0.0,33.7,0.67,False,0.047
2026-05-17,Bhilwara,Tier 3,34.0,1.0000000000000142,15.000000000000005,17.700000000000006,Low,0.44,0.0,35.1,0.55,False,0.129
2026-05-17,Bhopal,Tier 2,39.0,10.0,14.000000000000004,22.6,Low,0.49,0.0,36.0,0.54,False,0.122
2026-05-17,Bhubaneswar,Tier 3,37.0,0.0,86.66666666666666,36.46666666666667,Medium,0.47,0.0,33.1,0.95,False,0.237
2026-05-17,Bhusawal,Tier 3,47.0,17.99999999999997,30.0,32.599999999999994,Medium,0.57,0.0,36.8,0.7,False,0.129
2026-05-17,Bidar,Tier 3,24.000000000000004,0.3,62.66666666666667,25.37166666666667,Low,0.34,0.1,32.8,0.86,False,0.353
2026-05-17,Bijapur,Tier 3,39.0,0.0,15.000000000000005,19.35,Low,0.49,0.0,31.7,0.55,False,0.056
2026-05-17,Bilaspur,Tier 3,38.0,0.0,16.999999999999996,19.45,Low,0.48,0.0,33.3,0.57,False,0.057
2026-05-17,Bokaro Steel City,Tier 3,26.0,0.6,40.00000000000001,20.610000000000003,Low,0.36,0.2,32.6,0.75,False,0.26
2026-05-17,Chandigarh,Tier 2,30.000000000000004,0.0,21.0,17.25,Low,0.4,0.0,31.5,0.61,False,0.134
2026-05-17,Chandrapur,Tier 3,30.000000000000004,7.000000000000028,20.0,19.45000000000001,Low,0.4,0.0,35.7,0.6,False,0.225
2026-05-17,Chennai,Tier 1,50.0,15.249999999999998,12.000000000000002,28.3375,Low,0.6,5.1,31.5,0.52,False,0.214
2026-05-17,Chikkaballapur,Tier 3,24.000000000000004,0.8999999999999999,78.66666666666669,29.58166666666667,Low,0.34,0.3,26.6,0.92,False,0.446
2026-05-17,Chitradurga,Tier 3,38.0,6.8999999999999995,23.000000000000004,23.365000000000002,Low,0.48,2.3,28.8,0.63,False,0.067
2026-05-17,Coimbatore,Tier 2,22.000000000000004,2.0999999999999996,34.0,18.035000000000004,Low,0.32,0.7,28.9,0.72,False,0.325
2026-05-17,Darbhanga,Tier 3,31.0,0.0,27.000000000000007,19.150000000000002,Low,0.41,0.0,30.2,0.67,False,0.122
2026-05-17,Davangere,Tier 3,56.0,8.100000000000001,73.33333333333334,43.56833333333334,Medium,0.64,2.7,28.6,0.9,False,0.28
2026-05-17,Dehradun,Tier 3,31.0,0.0,86.66666666666666,34.06666666666666,Medium,0.41,0.0,27.2,0.95,False,0.334
2026-05-17,Delhi,Tier 1,84.0,5.0,86.66666666666666,57.016666666666666,Medium,0.84,0.1,35.5,0.95,True,0.667
2026-05-17,Dewas,Tier 3,41.0,1.0000000000000142,86.66666666666666,38.41666666666667,Medium,0.51,0.0,35.1,0.95,False,0.196
2026-05-17,Dhanbad,Tier 3,49.0,0.6,28.00000000000001,26.810000000000006,Low,0.59,0.2,32.6,0.68,False,0.051
2026-05-17,Dharmapuri,Tier 3,41.0,4.199999999999999,86.66666666666666,39.53666666666666,Medium,0.51,1.4,28.9,0.95,False,0.181
2026-05-17,Dhule,Tier 3,29.000000000000004,0.0,46.000000000000014,23.100000000000005,Low,0.39,0.0,34.5,0.78,False,0.196
2026-05-17,Dindigul,Tier 3,46.00000000000001,30.750000000000004,23.000000000000004,34.9125,Medium,0.56,11.3,31.1,0.63,False,0.256
2026-05-17,Durg,Tier 3,46.00000000000001,0.0,10.0,20.900000000000002,Low,0.56,0.0,33.5,0.5,False,0.106
2026-05-17,Eluru,Tier 3,31.0,1.7999999999999998,32.0,21.03,Low,0.41,0.6,32.8,0.71,False,0.155
2026-05-17,Erode,Tier 3,40.0,2.4,78.66666666666669,36.506666666666675,Medium,0.5,0.8,30.6,0.92,False,0.189
2026-05-17,Etawah,Tier 3,32.0,0.0,53.99999999999999,26.299999999999997,Low,0.42,0.0,33.5,0.82,False,0.176
2026-05-17,Faridabad,Tier 2,25.0,6.000000000000014,53.99999999999999,25.6,Low,0.35,0.0,35.6,0.82,False,0.359
2026-05-17,Farrukhabad,Tier 3,43.0,0.0,86.66666666666666,38.86666666666666,Medium,0.53,0.0,32.9,0.95,False,0.205
2026-05-17,Gandhinagar,Tier 3,30.000000000000004,5.0,27.000000000000007,20.500000000000004,Low,0.4,0.0,35.5,0.67,False,0.202
2026-05-17,Ghaziabad,Tier 2,31.0,0.6,62.66666666666667,28.27666666666667,Low,0.41,0.2,32.9,0.86,False,0.24
2026-05-17,Gorakhpur,Tier 3,33.0,0.0,23.000000000000004,18.950000000000003,Low,0.43,0.0,32.0,0.63,False,0.089
2026-05-17,Greater Noida,Tier 3,30.000000000000004,0.0,86.66666666666666,33.666666666666664,Medium,0.4,0.0,33.2,0.95,False,0.362
2026-05-17,Gulbarga,Tier 3,43.0,0.8999999999999999,78.66666666666669,37.18166666666667,Medium,0.53,0.3,34.0,0.92,False,0.188
2026-05-17,Gurgaon,Tier 3,29.000000000000004,0.0,34.0,20.1,Low,0.39,0.0,33.7,0.72,False,0.154
2026-05-17,Guwahati,Tier 3,42.0,40.0,9.8,33.25,Medium,0.52,15.0,26.1,0.49,False,0.498
2026-05-17,Gwalior,Tier 3,42.0,7.000000000000028,60.0,34.250000000000014,Medium,0.52,0.0,35.7,0.85,False,0.096
2026-05-17,Hapur,Tier 3,59.00000000000001,0.0,86.66666666666666,45.266666666666666,Medium,0.66,0.0,32.5,0.95,False,0.386
2026-05-17,Hassan,Tier 3,45.00000000000001,1.2,56.0,32.42,Medium,0.55,0.4,25.4,0.83,False,0.075
2026-05-17,Hospet,Tier 3,35.0,4.8,44.000000000000014,26.680000000000003,Low,0.45,1.6,29.5,0.77,False,0.11
2026-05-17,Hosur,Tier 3,50.0,0.0,50.000000000000014,32.5,Medium,0.6,0.0,26.0,0.8,False,0.087
2026-05-17,Hubli,Tier 3,46.00000000000001,5.3999999999999995,86.66666666666666,41.95666666666666,Medium,0.56,1.8,30.2,0.95,False,0.216
2026-05-17,Hyderabad,Tier 1,46.00000000000001,1.2,24.000000000000004,24.820000000000004,Low,0.56,0.4,32.0,0.64,False,0.036
2026-05-17,Ichalkaranji,Tier 3,42.0,2.4,42.00000000000001,28.14,Low,0.52,0.8,32.3,0.76,False,0.055
2026-05-17,Imphal,Tier 3,31.0,22.75,58.0,34.8625,Medium,0.41,8.1,24.0,0.84,False,0.389
2026-05-17,Indore,Tier 2,56.0,0.0,56.0,36.400000000000006,Medium,0.64,0.0,35.0,0.83,False,0.183
2026-05-17,Jabalpur,Tier 3,47.0,1.0000000000000142,25.000000000000007,25.400000000000006,Low,0.57,0.0,35.1,0.65,False,0.04
2026-05-17,Jaipur,Tier 2,36.0,2.0000000000000284,78.66666666666669,34.76666666666668,Medium,0.46,0.0,35.2,0.92,False,0.216
2026-05-17,Jalandhar,Tier 3,54.5,0.0,56.0,35.8,Medium,0.63,0.0,31.6,0.83,False,0.166
2026-05-17,Jalgaon,Tier 3,26.0,12.000000000000028,38.00000000000001,24.100000000000012,Low,0.36,0.0,36.2,0.74,False,0.31
2026-05-17,Jalna,Tier 3,42.0,2.0000000000000284,73.33333333333334,35.83333333333334,Medium,0.52,0.0,35.2,0.9,False,0.124
2026-05-17,Jamshedpur,Tier 2,27.0,1.5,73.33333333333334,29.65833333333334,Low,0.37,0.5,32.3,0.9,False,0.393
2026-05-17,Junagadh,Tier 3,29.000000000000004,0.0,86.66666666666666,33.266666666666666,Medium,0.39,0.0,32.9,0.95,False,0.379
2026-05-17,Kadapa,Tier 3,41.0,0.0,58.0,30.900000000000002,Medium,0.51,0.0,34.7,0.84,False,0.07
2026-05-17,Kalyan,Tier 3,32.0,0.0,22.0,18.3,Low,0.42,0.0,34.4,0.62,False,0.092
2026-05-17,Kanpur,Tier 2,48.0,10.0,46.000000000000014,34.2,Medium,0.58,0.0,36.0,0.78,False,0.156
2026-05-17,Kanyakumari,Tier 3,45.00000000000001,3.0,26.000000000000007,25.550000000000004,Low,0.55,1.0,30.0,0.66,False,0.039
2026-05-17,Karimnagar,Tier 3,32.0,0.3,19.0,17.655,Low,0.42,0.1,33.2,0.59,False,0.125
2026-05-17,Karnal,Tier 3,33.0,0.0,62.66666666666667,28.866666666666667,Low,0.43,0.0,33.1,0.86,False,0.193
2026-05-17,Karur,Tier 3,40.0,20.5,86.66666666666666,44.84166666666667,Medium,0.5,7.2,31.2,0.95,False,0.323
2026-05-17,Khammam,Tier 3,20.0,0.6,32.0,16.21,Low,0.3,0.2,31.9,0.71,False,0.34
2026-05-17,Kochi,Tier 3,39.0,63.2,32.0,45.72,Medium,0.49,26.6,27.1,0.71,True,0.739
2026-05-17,Kolar,Tier 3,33.0,0.0,50.000000000000014,25.700000000000003,Low,0.43,0.0,26.7,0.8,False,0.142
2026-05-17,Kolhapur,Tier 3,39.0,2.4,86.66666666666666,38.10666666666667,Medium,0.49,0.8,31.6,0.95,False,0.198
2026-05-17,Kolkata,Tier 1,66.5,14.399999999999999,50.000000000000014,44.14,Medium,0.71,4.8,32.0,0.8,False,0.413
2026-05-17,Kollam,Tier 3,37.0,74.2,42.00000000000001,51.269999999999996,Medium,0.47,37.0,26.7,0.76,True,0.802
2026-05-17,Korba,Tier 3,35.0,0.3,86.66666666666666,35.77166666666666,Medium,0.45,0.1,33.1,0.95,False,0.255
2026-05-17,Kozhikode,Tier 3,28.0,35.75,86.66666666666666,45.37916666666666,Medium,0.38,13.3,28.2,0.95,True,0.666
2026-05-17,Krishnagiri,Tier 3,51.5,1.2,34.0,29.520000000000003,Low,0.61,0.4,29.0,0.72,False,0.086
2026-05-17,Kurnool,Tier 3,36.0,1.5,36.00000000000001,23.925000000000004,Low,0.46,0.5,34.3,0.73,False,0.088
2026-05-17,Latur,Tier 3,46.00000000000001,0.0,86.66666666666666,40.06666666666666,Medium,0.56,0.0,34.0,0.95,False,0.234
2026-05-17,Lucknow,Tier 2,49.0,0.0,24.000000000000004,25.6,Low,0.59,0.0,34.8,0.64,False,0.038
2026-05-17,Ludhiana,Tier 2,37.0,0.0,23.000000000000004,20.55,Low,0.47,0.0,32.4,0.63,False,0.022
2026-05-17,Madurai,Tier 2,41.0,29.25,8.4,28.737500000000004,Low,0.51,10.7,31.0,0.42,False,0.417
2026-05-17,Malegaon,Tier 3,45.00000000000001,0.0,11.000000000000002,20.750000000000004,Low,0.55,0.0,33.8,0.51,False,0.102
2026-05-17,Mandya,Tier 3,30.000000000000004,0.3,86.66666666666666,33.77166666666667,Medium,0.4,0.1,27.2,0.95,False,0.36
2026-05-17,Mangalore,Tier 3,39.0,20.0,65.33333333333334,38.93333333333334,Medium,0.49,7.0,28.2,0.87,False,0.26
2026-05-17,Mathura,Tier 3,37.0,0.0,15.000000000000005,18.55,Low,0.47,0.0,34.0,0.55,False,0.07
2026-05-17,Mau,Tier 3,45.00000000000001,0.0,50.000000000000014,30.500000000000007,Medium,0.55,0.0,33.5,0.8,False,0.046
2026-05-17,Meerut,Tier 2,24.000000000000004,0.0,62.66666666666667,25.26666666666667,Low,0.34,0.0,33.5,0.86,False,0.353
2026-05-17,Mumbai,Tier 1,88.0,0.0,11.000000000000002,37.95,Medium,0.88,0.0,30.9,0.51,True,0.581
2026-05-17,Muzaffarnagar,Tier 3,28.0,0.0,9.8,13.650000000000002,Low,0.38,0.0,32.2,0.49,False,0.31
2026-05-17,Muzaffarpur,Tier 3,31.0,0.0,12.000000000000002,15.4,Low,0.41,0.0,30.9,0.52,False,0.219
2026-05-17,Mysore,Tier 3,22.000000000000004,0.3,86.66666666666666,30.571666666666665,Medium,0.32,0.1,26.6,0.95,False,0.499
2026-05-17,Nagercoil,Tier 3,44.0,32.5,83.99999999999999,49.974999999999994,Medium,0.54,12.0,29.3,0.94,False,0.471
2026-05-17,Nagpur,Tier 2,18.666666666666668,12.000000000000028,83.99999999999999,32.66666666666667,Medium,0.28,0.0,36.2,0.94,True,0.559
2026-05-17,Namakkal,Tier 3,26.0,15.249999999999998,18.0,20.2375,Low,0.36,5.1,31.2,0.58,False,0.397
2026-05-17,Nanded,Tier 3,34.0,3.9999999999999853,19.0,19.749999999999996,Low,0.44,0.0,35.4,0.59,False,0.135
2026-05-17,Nashik,Tier 2,30.000000000000004,0.0,86.66666666666666,33.666666666666664,Medium,0.4,0.0,31.1,0.95,False,0.362
2026-05-17,Navi Mumbai,Tier 2,41.0,0.0,78.66666666666669,36.06666666666668,Medium,0.51,0.0,32.8,0.92,False,0.177
2026-05-17,Nizamabad,Tier 3,38.0,0.0,68.0,32.2,Medium,0.48,0.0,34.1,0.88,False,0.114
2026-05-17,Noida,Tier 3,33.0,0.3,73.33333333333334,31.638333333333335,Medium,0.43,0.1,34.0,0.9,False,0.214
2026-05-17,Osmanabad,Tier 3,29.000000000000004,0.0,44.000000000000014,22.600000000000005,Low,0.39,0.0,33.2,0.77,False,0.189
2026-05-17,Panipat,Tier 3,35.0,0.3,15.000000000000005,17.855,Low,0.45,0.1,33.2,0.55,False,0.098
2026-05-17,Parbhani,Tier 3,32.0,2.9999999999999716,20.0,18.84999999999999,Low,0.42,0.0,35.3,0.6,False,0.142
2026-05-17,Patiala,Tier 3,29.000000000000004,0.0,73.33333333333334,29.933333333333337,Low,0.39,0.0,33.1,0.9,False,0.301
2026-05-17,Patna,Tier 2,39.0,0.0,27.000000000000007,22.35,Low,0.49,0.0,33.4,0.67,False,0.014
2026-05-17,Pune,Tier 1,45.00000000000001,0.3,78.66666666666669,37.771666666666675,Medium,0.55,0.1,32.0,0.92,False,0.196
2026-05-17,Purnia,Tier 3,39.0,0.0,53.99999999999999,29.1,Low,0.49,0.0,28.5,0.82,False,0.067
2026-05-17,Raichur,Tier 3,35.0,1.7999999999999998,86.66666666666666,36.29666666666667,Medium,0.45,0.6,33.3,0.95,False,0.248
2026-05-17,Raipur,Tier 2,53.0,0.3,86.66666666666666,42.971666666666664,Medium,0.62,0.1,33.9,0.95,False,0.329
2026-05-17,Rajkot,Tier 2,18.000000000000004,0.0,42.00000000000001,17.700000000000003,Low,0.27,0.0,33.3,0.76,False,0.389
2026-05-17,Ramanagara,Tier 3,29.000000000000004,0.3,20.0,16.705000000000002,Low,0.39,0.1,27.6,0.6,False,0.172
2026-05-17,Rampur,Tier 3,26.0,0.0,23.000000000000004,16.150000000000002,Low,0.36,0.0,31.5,0.63,False,0.215
2026-05-17,Ratlam,Tier 3,44.0,0.0,14.000000000000004,21.1,Low,0.54,0.0,34.8,0.54,False,0.05
2026-05-17,Rohtak,Tier 3,26.0,0.0,86.66666666666666,32.06666666666666,Medium,0.36,0.0,33.5,0.95,False,0.437
2026-05-17,Rourkela,Tier 3,30.000000000000004,6.8999999999999995,46.000000000000014,25.915000000000006,Low,0.4,2.3,31.6,0.78,False,0.238
2026-05-17,Sagar,Tier 3,25.0,0.0,19.0,14.75,Low,0.35,0.0,35.0,0.59,False,0.26
2026-05-17,Salem,Tier 3,46.00000000000001,4.8,65.33333333333334,36.41333333333334,Medium,0.56,1.6,30.8,0.87,False,0.107
2026-05-17,Sambalpur,Tier 3,33.0,0.0,21.0,18.450000000000003,Low,0.43,0.0,32.4,0.61,False,0.09
2026-05-17,Sangli,Tier 3,41.0,0.3,34.0,25.005000000000003,Low,0.51,0.1,32.4,0.72,False,0.017
2026-05-17,Satara,Tier 3,32.0,0.3,11.000000000000002,15.655000000000001,Low,0.42,0.1,32.4,0.51,False,0.224
2026-05-17,Satna,Tier 3,34.0,5.0,16.000000000000007,19.35,Low,0.44,0.0,35.5,0.56,False,0.164
2026-05-17,Shahjahanpur,Tier 3,28.0,0.0,14.000000000000004,14.700000000000003,Low,0.38,0.0,32.2,0.54,False,0.25
2026-05-17,Shivamogga,Tier 3,43.0,10.5,16.000000000000007,24.875,Low,0.53,3.5,27.9,0.56,False,0.111
2026-05-17,Sivakasi,Tier 3,36.0,11.700000000000001,14.000000000000004,21.995,Low,0.46,3.9,32.5,0.54,False,0.16
2026-05-17,Solapur,Tier 3,37.0,1.0000000000000142,30.0,22.650000000000006,Low,0.47,0.0,35.1,0.7,False,0.031
2026-05-17,Sonipat,Tier 3,46.00000000000001,0.3,86.66666666666666,40.17166666666667,Medium,0.56,0.1,32.9,0.95,False,0.233
2026-05-17,Srinagar,Tier 2,44.0,0.0,60.0,32.6,Medium,0.54,0.0,19.2,0.85,False,0.082
2026-05-17,Surat,Tier 2,59.00000000000001,1.0000000000000142,25.000000000000007,30.20000000000001,Medium,0.66,0.0,35.1,0.65,False,0.192
2026-05-17,Thane,Tier 2,48.0,0.0,48.000000000000014,31.200000000000006,Medium,0.58,0.0,32.8,0.79,False,0.081
2026-05-17,Theni,Tier 3,56.0,10.799999999999999,48.000000000000014,38.18000000000001,Medium,0.64,3.6,30.9,0.79,False,0.249
2026-05-17,Thiruvananthapuram,Tier 3,56.0,71.32000000000001,34.0,55.862,Medium,0.64,32.2,26.4,0.72,True,0.837
2026-05-17,Thoothukudi,Tier 3,32.0,9.6,58.0,30.66,Medium,0.42,3.2,30.8,0.84,False,0.253
2026-05-17,Thrissur,Tier 3,36.0,61.0,60.0,50.75,Medium,0.46,25.5,27.0,0.85,True,0.741
2026-05-17,Tiruchirappalli,Tier 3,38.0,9.899999999999999,19.0,23.415,Low,0.48,3.3,30.4,0.59,False,0.099
2026-05-17,Tirunelveli,Tier 3,36.0,10.5,16.999999999999996,22.325,Low,0.46,3.5,32.5,0.57,False,0.15
2026-05-17,Tiruppur,Tier 3,31.0,14.399999999999999,58.0,31.939999999999998,Medium,0.41,4.8,30.8,0.84,False,0.318
2026-05-17,Tumakuru,Tier 3,50.0,3.0,46.000000000000014,32.550000000000004,Medium,0.6,1.0,26.8,0.78,False,0.113
2026-05-17,Tumkur,Tier 3,49.0,3.0,36.00000000000001,29.650000000000006,Low,0.59,1.0,26.8,0.73,False,0.073
2026-05-17,Udaipur,Tier 3,37.0,0.0,68.0,31.8,Medium,0.47,0.0,34.5,0.88,False,0.129
2026-05-17,Vadodara,Tier 2,40.0,10.0,12.000000000000002,22.5,Low,0.5,0.0,36.0,0.52,False,0.141
2026-05-17,Varanasi,Tier 2,26.0,10.0,78.66666666666669,33.56666666666667,Medium,0.36,0.0,36.0,0.92,False,0.459
2026-05-17,Vasai,Tier 3,36.0,0.8999999999999999,34.0,23.215,Low,0.46,0.3,31.1,0.72,False,0.057
2026-05-17,Vijayawada,Tier 2,41.0,7.800000000000001,26.000000000000007,25.630000000000003,Low,0.51,2.6,33.6,0.66,False,0.05
2026-05-17,Virudhunagar,Tier 3,42.0,6.6000000000000005,42.00000000000001,29.61,Low,0.52,2.2,31.6,0.76,False,0.069
2026-05-17,Visakhapatnam,Tier 2,27.0,0.0,68.0,27.8,Low,0.37,0.0,31.0,0.88,False,0.341
2026-05-17,Warangal,Tier 3,31.0,0.0,18.0,16.9,Low,0.41,0.0,32.1,0.58,False,0.154
2026-05-18,Agra,Tier 2,29.000000000000004,12.000000000000028,28.0,22.80000000000001,Low,0.39,0.0,36.2,0.62,False,0.237
2026-05-18,Ahmedabad,Tier 2,72.5,21.000000000000014,86.66666666666666,58.016666666666666,Medium,0.75,0.0,37.1,0.95,True,0.626
2026-05-18,Ahmednagar,Tier 3,31.5,0.0,9.3,14.925,Low,0.32,0.0,33.8,0.37,False,0.241
2026-05-18,Akola,Tier 3,38.0,30.0,86.66666666666666,47.36666666666667,Medium,0.48,0.0,38.0,0.95,False,0.438
2026-05-18,Aligarh,Tier 3,46.00000000000001,0.0,70.66666666666664,36.06666666666666,Medium,0.56,0.0,34.1,0.84,False,0.132
2026-05-18,Allahabad,Tier 2,35.0,20.0,22.5,26.625,Low,0.45,0.0,37.0,0.59,False,0.189
2026-05-18,Alwar,Tier 3,82.99999999999999,0.0,20.5,38.324999999999996,Medium,0.83,0.0,34.8,0.55,False,0.473
2026-05-18,Amravati,Tier 3,36.49999999999999,25.0,44.000000000000014,34.35,Medium,0.44,0.0,37.5,0.77,False,0.271
2026-05-18,Amritsar,Tier 2,29.000000000000004,0.0,25.000000000000007,17.85,Low,0.39,0.0,34.0,0.65,False,0.149
2026-05-18,Anantapur,Tier 3,38.0,0.44999999999999996,20.5,20.4825,Low,0.48,0.1,34.0,0.52,False,0.042
2026-05-18,Arrah,Tier 3,31.5,0.0,30.0,20.1,Low,0.35,0.0,33.6,0.64,False,0.098
2026-05-18,Asansol,Tier 3,42.0,1.2,30.0,24.720000000000002,Low,0.52,0.4,33.9,0.66,False,0.02
2026-05-18,Aurangabad,Tier 3,46.00000000000001,3.9999999999999853,18.5,24.424999999999997,Low,0.56,0.0,35.4,0.5,False,0.055
2026-05-18,Avadi,Tier 3,35.49999999999999,6.300000000000001,46.000000000000014,27.905,Low,0.43,1.6,32.4,0.73,False,0.125
2026-05-18,Bangalore,Tier 1,90.0,70.6,16.499999999999996,64.835,High,0.9,31.0,27.9,0.49,True,1.0
2026-05-18,Barasat,Tier 3,45.00000000000001,32.5,26.000000000000007,35.87500000000001,Medium,0.55,10.4,32.2,0.55,False,0.282
2026-05-18,Bardhaman,Tier 3,59.00000000000001,7.5,86.66666666666666,47.891666666666666,Medium,0.66,0.0,33.6,0.95,False,0.381
2026-05-18,Bareilly,Tier 3,42.0,0.0,28.0,23.8,Low,0.52,0.0,31.9,0.57,False,0.013
2026-05-18,Bathinda,Tier 3,30.500000000000004,8.999999999999986,32.0,23.349999999999998,Low,0.38,0.0,35.9,0.69,False,0.207
2026-05-18,Begusarai,Tier 3,26.5,3.9000000000000004,22.0,17.465000000000003,Low,0.33,1.3,31.8,0.62,False,0.273
2026-05-18,Belgaum,Tier 3,41.0,9.6,74.66666666666667,38.42666666666667,Medium,0.51,3.2,28.7,0.86,False,0.169
2026-05-18,Bellary,Tier 3,43.0,0.6,70.66666666666667,35.07666666666667,Medium,0.53,0.0,31.6,0.89,False,0.107
2026-05-18,Bhagalpur,Tier 3,50.000000000000014,2.6999999999999997,7.4,22.79500000000001,Low,0.56,0.9,30.6,0.3,False,0.258
2026-05-18,Bharatpur,Tier 3,56.0,2.9999999999999716,25.000000000000007,29.699999999999996,Low,0.64,0.0,35.3,0.63,False,0.154
2026-05-18,Bhilwara,Tier 3,39.0,20.0,14.500000000000005,26.225,Low,0.49,0.0,37.0,0.54,False,0.218
2026-05-18,Bhopal,Tier 2,34.99999999999999,18.999999999999986,16.999999999999996,24.89999999999999,Low,0.41,0.0,36.9,0.57,False,0.232
2026-05-18,Bhubaneswar,Tier 3,35.49999999999999,0.6,72.00000000000001,32.410000000000004,Medium,0.44,0.2,33.7,0.84,False,0.148
2026-05-18,Bhusawal,Tier 3,45.00000000000001,27.00000000000003,30.0,34.95000000000002,Medium,0.53,0.0,37.7,0.7,False,0.21
2026-05-18,Bidar,Tier 3,39.0,2.0999999999999996,54.000000000000014,29.835000000000004,Low,0.49,0.7,33.2,0.78,False,0.075
2026-05-18,Bijapur,Tier 3,37.5,3.9000000000000004,9.8,18.814999999999998,Low,0.46,1.3,32.4,0.43,False,0.152
2026-05-18,Bilaspur,Tier 3,34.49999999999999,2.0999999999999996,16.499999999999996,18.659999999999997,Low,0.41,0.7,34.6,0.56,False,0.128
2026-05-18,Bokaro Steel City,Tier 3,49.0,0.3,36.00000000000001,28.705000000000005,Low,0.59,0.0,33.4,0.71,False,0.063
2026-05-18,Chandigarh,Tier 2,41.0,0.0,15.499999999999995,20.275000000000002,Low,0.51,0.0,33.1,0.5,False,0.044
2026-05-18,Chandrapur,Tier 3,49.0,17.00000000000003,18.000000000000007,30.05000000000001,Medium,0.59,0.2,36.7,0.56,False,0.193
2026-05-18,Chennai,Tier 1,75.5,9.45,8.9,35.7325,Medium,0.77,1.2,31.6,0.37,False,0.529
2026-05-18,Chikkaballapur,Tier 3,49.0,6.300000000000001,72.00000000000001,39.80500000000001,Medium,0.59,2.1,27.2,0.87,False,0.163
2026-05-18,Chitradurga,Tier 3,34.49999999999999,6.0,25.000000000000007,22.15,Low,0.41,1.7,28.4,0.65,False,0.126
2026-05-18,Coimbatore,Tier 2,28.0,9.6,53.99999999999999,28.06,Low,0.38,3.2,28.1,0.82,False,0.332
2026-05-18,Darbhanga,Tier 3,42.0,0.0,26.500000000000007,23.425000000000004,Low,0.52,0.0,30.8,0.66,False,0.011
2026-05-18,Davangere,Tier 3,48.5,11.1,65.33333333333334,39.61833333333334,Medium,0.53,3.7,27.8,0.84,False,0.199
2026-05-18,Dehradun,Tier 3,41.0,0.0,61.333333333333336,31.733333333333334,Medium,0.51,0.0,28.1,0.76,False,0.087
2026-05-18,Delhi,Tier 1,87.0,16.000000000000014,86.66666666666666,62.06666666666667,High,0.87,0.0,36.6,0.95,True,0.731
2026-05-18,Dewas,Tier 3,39.5,15.0,57.0,35.3,Medium,0.48,0.0,36.5,0.72,False,0.172
2026-05-18,Dhanbad,Tier 3,40.5,0.3,22.5,21.93,Low,0.42,0.0,34.2,0.57,False,0.024
2026-05-18,Dharmapuri,Tier 3,54.5,9.899999999999999,72.00000000000001,43.265,Medium,0.63,3.3,28.9,0.84,False,0.253
2026-05-18,Dhule,Tier 3,40.0,13.999999999999984,27.000000000000007,27.65,Low,0.5,0.0,36.4,0.56,False,0.077
2026-05-18,Dindigul,Tier 3,51.5,17.625,53.99999999999999,40.26875,Medium,0.61,0.8,30.1,0.82,False,0.256
2026-05-18,Durg,Tier 3,53.0,0.0,9.6,23.6,Low,0.62,0.0,34.7,0.46,False,0.187
2026-05-18,Eluru,Tier 3,37.0,2.0999999999999996,24.999999999999993,21.784999999999997,Low,0.47,0.7,33.3,0.59,False,0.051
2026-05-18,Erode,Tier 3,38.0,6.8999999999999995,73.33333333333334,35.94833333333334,Medium,0.46,2.3,30.6,0.88,False,0.146
2026-05-18,Etawah,Tier 3,37.0,0.0,40.999999999999986,25.049999999999997,Low,0.47,0.0,34.2,0.69,False,0.055
2026-05-18,Faridabad,Tier 2,42.0,15.0,44.999999999999986,33.3,Medium,0.52,0.0,36.5,0.73,False,0.138
2026-05-18,Farrukhabad,Tier 3,53.0,0.0,59.0,35.95,Medium,0.62,0.0,34.1,0.74,False,0.162
2026-05-18,Gandhinagar,Tier 3,37.0,15.0,13.500000000000004,23.425,Low,0.47,0.0,36.5,0.4,False,0.182
2026-05-18,Ghaziabad,Tier 2,29.000000000000004,0.3,36.00000000000001,20.705000000000005,Low,0.37,0.0,34.1,0.6,False,0.176
2026-05-18,Gorakhpur,Tier 3,59.00000000000001,0.0,14.500000000000005,27.225000000000005,Low,0.66,0.0,31.8,0.46,False,0.207
2026-05-18,Greater Noida,Tier 3,48.0,0.0,55.0,32.95,Medium,0.58,0.0,34.1,0.7,False,0.099
2026-05-18,Gulbarga,Tier 3,42.5,16.5,56.00000000000002,36.775000000000006,Medium,0.52,5.6,33.8,0.74,False,0.172
2026-05-18,Gurgaon,Tier 3,42.0,0.0,27.500000000000007,23.675000000000004,Low,0.52,0.0,34.8,0.63,False,0.015
2026-05-18,Guwahati,Tier 3,35.50000000000001,47.2,9.6,33.120000000000005,Medium,0.39,18.6,25.4,0.47,True,0.67
2026-05-18,Gwalior,Tier 3,51.5,23.999999999999986,37.00000000000001,38.25,Medium,0.61,0.0,37.4,0.62,False,0.277
2026-05-18,Hapur,Tier 3,50.000000000000014,0.0,62.66666666666667,35.66666666666667,Medium,0.54,0.0,33.1,0.77,False,0.153
2026-05-18,Hassan,Tier 3,41.0,5.3999999999999995,44.000000000000014,29.290000000000006,Low,0.47,1.8,24.8,0.71,False,0.06
2026-05-18,Hospet,Tier 3,35.0,2.4,27.500000000000007,21.715000000000003,Low,0.45,0.0,29.6,0.58,False,0.07
2026-05-18,Hosur,Tier 3,43.49999999999999,8.100000000000001,78.66666666666669,39.90166666666667,Medium,0.47,2.7,26.6,0.92,False,0.198
2026-05-18,Hubli,Tier 3,48.0,17.5,85.33333333333331,46.65833333333333,Medium,0.58,6.0,28.9,0.94,False,0.349
2026-05-18,Hyderabad,Tier 1,48.0,1.7999999999999998,13.000000000000004,23.080000000000002,Low,0.58,0.6,32.2,0.42,False,0.114
2026-05-18,Ichalkaranji,Tier 3,38.5,1.3499999999999999,28.50000000000001,22.997500000000002,Low,0.45,0.1,31.0,0.61,False,0.033
2026-05-18,Imphal,Tier 3,40.0,13.649999999999999,36.00000000000001,29.777500000000003,Low,0.5,1.0,23.8,0.62,False,0.11
2026-05-18,Indore,Tier 2,48.5,12.000000000000028,37.00000000000001,32.850000000000016,Medium,0.53,0.0,36.2,0.64,False,0.131
2026-05-18,Jabalpur,Tier 3,40.5,12.999999999999973,16.000000000000007,24.749999999999993,Low,0.44,0.0,36.3,0.47,False,0.131
2026-05-18,Jaipur,Tier 2,49.0,17.00000000000003,72.00000000000001,43.55000000000001,Medium,0.59,0.0,36.7,0.87,False,0.283
2026-05-18,Jalandhar,Tier 3,40.0,0.0,39.00000000000001,25.75,Low,0.37,0.0,33.5,0.66,False,0.035
2026-05-18,Jalgaon,Tier 3,31.0,23.999999999999986,37.00000000000001,30.049999999999997,Medium,0.41,0.0,37.4,0.73,False,0.315
2026-05-18,Jalna,Tier 3,45.00000000000001,10.0,86.66666666666666,43.16666666666667,Medium,0.55,0.0,36.0,0.95,False,0.225
2026-05-18,Jamshedpur,Tier 2,35.0,0.75,65.33333333333334,30.595833333333335,Medium,0.45,0.0,33.5,0.84,False,0.139
2026-05-18,Junagadh,Tier 3,47.0,0.0,56.0,32.8,Medium,0.57,0.0,32.8,0.71,False,0.081
2026-05-18,Kadapa,Tier 3,38.0,0.8999999999999999,46.000000000000014,27.015000000000004,Low,0.45,0.3,34.4,0.72,False,0.067
2026-05-18,Kalyan,Tier 3,45.00000000000001,4.5,19.00000000000001,24.325000000000006,Low,0.55,1.5,34.1,0.56,False,0.06
2026-05-18,Kanpur,Tier 2,44.0,20.0,53.99999999999999,38.1,Medium,0.5,0.0,37.0,0.82,False,0.208
2026-05-18,Kanyakumari,Tier 3,43.0,2.0999999999999996,17.499999999999996,22.31,Low,0.51,0.4,29.1,0.49,False,0.068
2026-05-18,Karimnagar,Tier 3,47.0,0.15,11.500000000000002,21.7275,Low,0.57,0.0,33.6,0.44,False,0.104
2026-05-18,Karnal,Tier 3,37.0,0.0,62.66666666666667,30.46666666666667,Medium,0.47,0.0,34.5,0.86,False,0.122
2026-05-18,Karur,Tier 3,38.0,12.9,68.0,36.715,Medium,0.46,1.4,31.1,0.81,False,0.204
2026-05-18,Khammam,Tier 3,45.00000000000001,0.3,25.500000000000007,24.480000000000004,Low,0.55,0.0,32.5,0.6,False,0.034
2026-05-18,Kochi,Tier 3,56.0,45.400000000000006,23.999999999999993,44.290000000000006,Medium,0.64,8.8,27.7,0.57,True,0.574
2026-05-18,Kolar,Tier 3,47.0,24.0,38.00000000000001,36.7,Medium,0.57,8.6,27.5,0.68,False,0.239
2026-05-18,Kolhapur,Tier 3,71.0,2.6999999999999997,73.33333333333331,47.67833333333333,Medium,0.74,0.9,30.3,0.85,False,0.425
2026-05-18,Kolkata,Tier 1,84.0,18.75,50.000000000000014,52.66250000000001,Medium,0.84,6.5,33.1,0.8,True,0.672
2026-05-18,Kollam,Tier 3,49.0,56.0,28.50000000000001,46.325,Medium,0.59,9.0,27.3,0.61,True,0.64
2026-05-18,Korba,Tier 3,30.500000000000004,1.5,81.33333333333334,33.05833333333334,Medium,0.36,0.5,34.1,0.91,False,0.364
2026-05-18,Kozhikode,Tier 3,28.0,57.0,62.66666666666667,46.81666666666666,Medium,0.38,23.5,26.5,0.77,True,0.809
2026-05-18,Krishnagiri,Tier 3,50.75,40.8,21.5,39.955,Medium,0.6,15.4,29.0,0.51,False,0.513
2026-05-18,Kurnool,Tier 3,60.50000000000001,0.75,44.000000000000014,35.462500000000006,Medium,0.67,0.0,34.0,0.77,False,0.247
2026-05-18,Latur,Tier 3,47.0,0.0,68.0,35.8,Medium,0.57,0.0,34.8,0.81,False,0.147
2026-05-18,Lucknow,Tier 2,51.5,12.999999999999973,38.00000000000001,34.64999999999999,Medium,0.61,0.0,36.3,0.74,False,0.183
2026-05-18,Ludhiana,Tier 2,34.49999999999999,0.0,19.5,18.674999999999997,Low,0.42,0.0,33.9,0.56,False,0.081
2026-05-18,Madurai,Tier 2,53.0,17.0,15.000000000000005,30.900000000000002,Medium,0.62,0.9,30.9,0.55,False,0.244
2026-05-18,Malegaon,Tier 3,50.0,3.9999999999999853,12.000000000000002,24.399999999999995,Low,0.6,0.0,35.4,0.52,False,0.139
2026-05-18,Mandya,Tier 3,51.5,7.800000000000001,83.99999999999999,44.33,Medium,0.61,2.6,27.6,0.93,False,0.343
2026-05-18,Mangalore,Tier 3,33.5,62.2,56.00000000000002,49.17000000000001,Medium,0.38,26.1,26.4,0.79,True,0.774
2026-05-18,Mathura,Tier 3,42.0,7.999999999999971,9.5,21.97499999999999,Low,0.52,0.0,35.8,0.4,False,0.159
2026-05-18,Mau,Tier 3,44.50000000000001,0.0,47.000000000000014,29.550000000000008,Low,0.54,0.0,33.8,0.77,False,0.048
2026-05-18,Meerut,Tier 2,44.0,0.0,36.00000000000001,26.6,Low,0.54,0.0,34.5,0.6,False,0.032
2026-05-18,Mumbai,Tier 1,86.5,0.0,10.0,37.1,Medium,0.85,0.0,30.8,0.49,True,0.584
2026-05-18,Muzaffarnagar,Tier 3,50.0,0.0,9.199999999999998,22.3,Low,0.6,0.0,33.4,0.43,False,0.173
2026-05-18,Muzaffarpur,Tier 3,40.0,0.0,9.299999999999999,18.325,Low,0.5,0.0,31.1,0.41,False,0.135
2026-05-18,Mysore,Tier 3,34.0,9.3,68.0,33.855000000000004,Medium,0.44,3.1,26.6,0.81,False,0.227
2026-05-18,Nagercoil,Tier 3,56.0,18.625,81.33333333333334,49.25208333333334,Medium,0.64,0.9,28.1,0.92,False,0.437
2026-05-18,Nagpur,Tier 2,28.0,27.999999999999968,80.00000000000001,40.99999999999999,Medium,0.38,0.0,37.8,0.91,True,0.602
2026-05-18,Namakkal,Tier 3,35.0,9.3,15.000000000000005,21.005,Low,0.45,1.1,31.0,0.52,False,0.158
2026-05-18,Nanded,Tier 3,43.0,20.0,19.0,28.95,Low,0.53,0.0,37.0,0.59,False,0.162
2026-05-18,Nashik,Tier 2,40.0,0.0,82.66666666666669,36.66666666666667,Medium,0.5,0.0,32.0,0.92,False,0.232
2026-05-18,Navi Mumbai,Tier 2,68.0,0.0,66.66666666666667,43.866666666666674,Medium,0.72,0.0,31.8,0.83,False,0.381
2026-05-18,Nizamabad,Tier 3,35.49999999999999,1.0000000000000142,55.0,28.300000000000004,Low,0.43,0.2,35.1,0.77,False,0.118
2026-05-18,Noida,Tier 3,66.5,0.15,53.0,39.9025,Medium,0.71,0.0,34.8,0.73,False,0.331
2026-05-18,Osmanabad,Tier 3,35.0,0.0,52.000000000000014,27.000000000000004,Low,0.45,0.0,34.1,0.81,False,0.107
2026-05-18,Panipat,Tier 3,32.5,0.15,9.200000000000001,15.352500000000001,Low,0.4,0.0,34.8,0.37,False,0.248
2026-05-18,Parbhani,Tier 3,64.99999999999999,8.999999999999986,21.0,34.39999999999999,Medium,0.7,0.0,35.9,0.61,False,0.305
2026-05-18,Patiala,Tier 3,41.0,0.0,29.0,23.650000000000002,Low,0.51,0.0,34.5,0.48,False,0.0
2026-05-18,Patna,Tier 2,47.0,0.0,16.000000000000007,22.800000000000004,Low,0.57,0.0,32.6,0.45,False,0.059
2026-05-18,Pune,Tier 1,78.5,0.6,70.66666666666667,49.27666666666667,Medium,0.79,0.2,32.5,0.86,False,0.525
2026-05-18,Purnia,Tier 3,44.0,0.3,50.000000000000014,30.205000000000005,Medium,0.54,0.1,28.9,0.78,False,0.049
2026-05-18,Raichur,Tier 3,38.0,0.8999999999999999,72.00000000000001,33.515,Medium,0.48,0.0,33.4,0.84,False,0.122
2026-05-18,Raipur,Tier 2,46.5,1.0000000000000142,86.66666666666666,40.616666666666674,Medium,0.51,0.1,35.1,0.95,False,0.243
2026-05-18,Rajkot,Tier 2,18.000000000000004,0.0,58.0,21.700000000000003,Low,0.27,0.0,32.7,0.84,False,0.446
2026-05-18,Ramanagara,Tier 3,46.00000000000001,22.5,22.0,31.775000000000002,Medium,0.56,8.0,27.7,0.62,False,0.178
2026-05-18,Rampur,Tier 3,37.0,0.0,21.0,20.05,Low,0.47,0.0,31.9,0.59,False,0.029
2026-05-18,Ratlam,Tier 3,59.00000000000001,5.0,8.7,27.525000000000006,Low,0.66,0.0,35.5,0.33,False,0.343
2026-05-18,Rohtak,Tier 3,33.0,0.0,74.66666666666667,31.866666666666667,Medium,0.43,0.0,34.6,0.86,False,0.22
2026-05-18,Rourkela,Tier 3,32.0,3.8999999999999995,33.00000000000002,22.415000000000006,Low,0.42,0.3,33.5,0.65,False,0.135
2026-05-18,Sagar,Tier 3,39.0,10.0,13.000000000000004,22.35,Low,0.49,0.0,36.0,0.47,False,0.127
2026-05-18,Salem,Tier 3,38.5,9.6,78.66666666666669,38.42666666666668,Medium,0.41,3.2,30.2,0.92,False,0.219
2026-05-18,Sambalpur,Tier 3,37.0,0.6,17.499999999999996,19.385,Low,0.47,0.2,34.2,0.54,False,0.071
2026-05-18,Sangli,Tier 3,40.0,2.4,46.000000000000014,28.340000000000003,Low,0.49,0.8,32.0,0.78,False,0.065
2026-05-18,Satara,Tier 3,56.0,0.3,11.000000000000002,25.255000000000003,Low,0.64,0.1,31.6,0.51,False,0.227
2026-05-18,Satna,Tier 3,38.0,7.999999999999971,9.8,20.44999999999999,Low,0.48,0.0,35.8,0.42,False,0.18
2026-05-18,Shahjahanpur,Tier 3,62.00000000000001,0.0,12.500000000000004,27.925000000000004,Low,0.68,0.0,32.7,0.51,False,0.264
2026-05-18,Shivamogga,Tier 3,56.0,12.9,18.0,31.415000000000003,Medium,0.64,4.3,26.9,0.58,False,0.251
2026-05-18,Sivakasi,Tier 3,47.0,10.350000000000001,13.000000000000004,25.6725,Low,0.57,3.0,32.1,0.52,False,0.13
2026-05-18,Solapur,Tier 3,41.0,1.2,27.500000000000007,23.695000000000007,Low,0.51,0.4,34.9,0.65,False,0.016
2026-05-18,Sonipat,Tier 3,42.0,0.15,70.66666666666664,34.51916666666666,Medium,0.48,0.0,34.0,0.83,False,0.12
2026-05-18,Srinagar,Tier 2,37.5,0.0,38.00000000000001,24.5,Low,0.41,0.0,20.1,0.63,False,0.045
2026-05-18,Surat,Tier 2,68.0,0.0,23.500000000000004,33.075,Medium,0.72,0.0,34.0,0.62,False,0.289
2026-05-18,Thane,Tier 2,69.5,0.0,50.000000000000014,40.300000000000004,Medium,0.73,0.0,32.6,0.8,False,0.357
2026-05-18,Theni,Tier 3,50.000000000000014,7.800000000000001,36.00000000000001,31.73000000000001,Medium,0.56,1.6,30.9,0.67,False,0.128
2026-05-18,Thiruvananthapuram,Tier 3,51.5,49.3,26.500000000000007,44.480000000000004,Medium,0.58,7.1,26.9,0.61,True,0.594
2026-05-18,Thoothukudi,Tier 3,54.5,6.450000000000001,41.00000000000001,34.307500000000005,Medium,0.63,1.1,30.7,0.67,False,0.171
2026-05-18,Thrissur,Tier 3,66.5,41.4,55.0,54.84,Medium,0.71,5.9,26.9,0.8,True,0.669
2026-05-18,Tiruchirappalli,Tier 3,34.99999999999999,6.75,17.499999999999996,20.737499999999997,Low,0.42,1.2,30.6,0.56,False,0.162
2026-05-18,Tirunelveli,Tier 3,36.0,9.75,12.499999999999991,20.937499999999996,Low,0.46,3.0,31.6,0.48,False,0.171
2026-05-18,Tiruppur,Tier 3,28.0,9.15,65.33333333333334,30.73583333333334,Medium,0.35,1.3,29.9,0.87,False,0.358
2026-05-18,Tumakuru,Tier 3,33.5,21.5,42.00000000000001,31.425000000000004,Medium,0.27,7.6,27.8,0.74,False,0.277
2026-05-18,Tumkur,Tier 3,60.50000000000001,21.5,24.999999999999993,37.975,Medium,0.67,7.6,27.8,0.57,False,0.327
2026-05-18,Udaipur,Tier 3,35.49999999999999,3.9999999999999853,50.99999999999999,28.34999999999999,Low,0.44,0.0,35.4,0.73,False,0.105
2026-05-18,Vadodara,Tier 2,38.5,22.99999999999997,9.5,25.82499999999999,Low,0.47,0.0,37.3,0.43,False,0.333
2026-05-18,Varanasi,Tier 2,44.0,21.000000000000014,61.333333333333336,40.28333333333334,Medium,0.54,0.0,37.1,0.79,False,0.26
2026-05-18,Vasai,Tier 3,47.0,0.44999999999999996,27.500000000000007,25.832500000000003,Low,0.57,0.0,30.6,0.63,False,0.039
2026-05-18,Vijayawada,Tier 2,44.0,4.050000000000001,22.0,24.517500000000002,Low,0.54,0.1,33.9,0.58,False,0.037
2026-05-18,Virudhunagar,Tier 3,32.5,4.8,86.66666666666666,36.346666666666664,Medium,0.33,1.0,31.8,0.95,False,0.309
2026-05-18,Visakhapatnam,Tier 2,41.0,0.0,48.000000000000014,28.400000000000006,Low,0.51,0.0,31.8,0.7,False,0.036
2026-05-18,Warangal,Tier 3,74.0,0.0,9.9,32.075,Medium,0.76,0.0,32.2,0.41,False,0.428
2026-05-19,Agra,Tier 2,31.0,32.00000000000003,29.0,30.85000000000001,Medium,0.41,0.0,38.2,0.69,False,0.376
2026-05-19,Ahmedabad,Tier 2,53.99999999999999,6.000000000000014,80.44444444444444,43.81111111111112,Medium,0.6,0.0,35.6,0.88,False,0.303
2026-05-19,Ahmednagar,Tier 3,35.0,0.0,9.133333333333335,16.283333333333335,Low,0.45,0.0,32.9,0.44,False,0.183
2026-05-19,Akola,Tier 3,33.66666666666667,33.999999999999986,78.66666666666669,45.03333333333333,Medium,0.42,0.0,38.4,0.89,True,0.553
2026-05-19,Aligarh,Tier 3,54.5,15.0,70.66666666666667,44.71666666666667,Medium,0.63,0.0,36.5,0.89,False,0.313
2026-05-19,Allahabad,Tier 2,31.33333333333333,18.999999999999986,24.000000000000004,25.183333333333326,Low,0.34,0.0,36.9,0.64,False,0.256
2026-05-19,Alwar,Tier 3,47.0,8.999999999999986,19.66666666666667,26.866666666666664,Low,0.44,0.0,35.9,0.58,False,0.095
2026-05-19,Amravati,Tier 3,49.0,28.999999999999986,40.00000000000001,39.75,Medium,0.59,0.0,37.9,0.75,False,0.308
2026-05-19,Amritsar,Tier 2,31.0,0.0,13.333333333333332,15.733333333333334,Low,0.41,0.0,35.0,0.43,False,0.187
2026-05-19,Anantapur,Tier 3,36.0,0.3,18.33333333333334,19.088333333333335,Low,0.46,0.0,32.5,0.54,False,0.077
2026-05-19,Arrah,Tier 3,43.0,0.0,30.00000000000002,24.700000000000003,Low,0.53,0.0,31.8,0.7,False,0.008
2026-05-19,Asansol,Tier 3,41.0,0.6,38.00000000000001,26.110000000000007,Low,0.51,0.0,32.2,0.74,False,0.036
2026-05-19,Aurangabad,Tier 3,37.33333333333333,0.0,12.333333333333332,18.016666666666666,Low,0.47,0.0,34.2,0.4,False,0.095
2026-05-19,Avadi,Tier 3,45.00000000000001,4.5,35.33333333333332,28.40833333333333,Low,0.55,0.3,32.9,0.62,False,0.06
2026-05-19,Bangalore,Tier 1,82.66666666666666,30.750000000000004,20.0,48.829166666666666,Medium,0.75,2.9,25.2,0.6,True,0.682
2026-05-19,Barasat,Tier 3,41.0,22.583333333333336,20.66666666666667,29.470833333333335,Low,0.44,0.1,31.8,0.5,False,0.189
2026-05-19,Bardhaman,Tier 3,43.0,5.3999999999999995,58.0,33.59,Medium,0.43,0.4,32.3,0.74,False,0.069
2026-05-19,Bareilly,Tier 3,49.0,0.0,22.66666666666666,25.266666666666666,Low,0.59,0.0,33.0,0.52,False,0.038
2026-05-19,Bathinda,Tier 3,39.0,12.000000000000028,29.33333333333334,27.133333333333347,Low,0.49,0.0,36.2,0.66,False,0.073
2026-05-19,Begusarai,Tier 3,49.0,1.2999999999999998,19.66666666666667,24.971666666666668,Low,0.59,0.0,30.1,0.56,False,0.073
2026-05-19,Belgaum,Tier 3,35.0,9.899999999999999,86.66666666666666,39.13166666666666,Medium,0.45,3.3,26.4,0.95,False,0.257
2026-05-19,Bellary,Tier 3,37.33333333333333,0.4999999999999998,48.66666666666667,27.275,Low,0.45,0.1,31.2,0.69,False,0.078
2026-05-19,Bhagalpur,Tier 3,68.0,1.1,7.0666666666666655,29.35166666666667,Low,0.72,0.2,29.8,0.32,False,0.444
2026-05-19,Bharatpur,Tier 3,44.0,21.000000000000014,23.66666666666667,30.866666666666674,Medium,0.52,0.0,37.1,0.61,False,0.128
2026-05-19,Bhilwara,Tier 3,33.33333333333333,2.0000000000000284,13.666666666666675,17.45000000000001,Low,0.37,0.0,35.2,0.52,False,0.167
2026-05-19,Bhopal,Tier 2,56.0,23.999999999999986,12.000000000000002,33.8,Medium,0.64,0.0,37.4,0.45,False,0.393
2026-05-19,Bhubaneswar,Tier 3,63.49999999999999,2.4,68.88888888888889,43.46222222222222,Medium,0.69,0.8,34.3,0.86,False,0.342
2026-05-19,Bhusawal,Tier 3,43.0,16.000000000000014,27.33333333333334,29.63333333333334,Low,0.49,0.0,36.6,0.62,False,0.106
2026-05-19,Bidar,Tier 3,51.5,8.7,60.0,38.644999999999996,Medium,0.61,2.9,32.6,0.85,False,0.199
2026-05-19,Bijapur,Tier 3,36.33333333333334,3.5999999999999996,12.000000000000002,18.79333333333334,Low,0.44,1.2,30.8,0.52,False,0.148
2026-05-19,Bilaspur,Tier 3,44.0,0.7999999999999998,9.933333333333332,20.363333333333337,Low,0.54,0.1,35.0,0.36,False,0.116
2026-05-19,Bokaro Steel City,Tier 3,60.50000000000001,0.1999999999999998,32.0,32.27,Medium,0.67,0.0,31.5,0.67,False,0.217
2026-05-19,Chandigarh,Tier 2,34.0,3.9999999999999853,26.000000000000007,21.5,Low,0.41,0.0,35.4,0.66,False,0.116
2026-05-19,Chandrapur,Tier 3,56.0,21.000000000000014,14.000000000000004,33.25000000000001,Medium,0.64,0.2,37.1,0.46,False,0.332
2026-05-19,Chennai,Tier 1,62.00000000000001,6.499999999999999,9.200000000000001,29.375000000000004,Low,0.67,0.2,33.1,0.46,False,0.367
2026-05-19,Chikkaballapur,Tier 3,37.0,4.5,71.55555555555559,34.2638888888889,Medium,0.47,1.5,26.0,0.89,False,0.125
2026-05-19,Chitradurga,Tier 3,54.5,5.5,28.00000000000001,30.725000000000005,Medium,0.63,1.5,26.2,0.68,False,0.138
2026-05-19,Coimbatore,Tier 2,59.00000000000001,3.9000000000000004,35.33333333333332,33.79833333333333,Medium,0.66,0.0,29.0,0.64,False,0.209
2026-05-19,Darbhanga,Tier 3,33.0,0.0,32.0,21.200000000000003,Low,0.36,0.0,30.2,0.71,False,0.084
2026-05-19,Davangere,Tier 3,46.00000000000001,6.800000000000002,56.00000000000002,34.78000000000001,Medium,0.51,0.4,26.9,0.75,False,0.075
2026-05-19,Dehradun,Tier 3,46.00000000000001,0.0,48.66666666666667,30.56666666666667,Medium,0.56,0.0,29.0,0.67,False,0.062
2026-05-19,Delhi,Tier 1,89.0,27.999999999999968,81.33333333333334,65.73333333333332,High,0.89,0.0,37.8,0.89,True,0.801
2026-05-19,Dewas,Tier 3,38.0,16.000000000000014,46.66666666666667,32.46666666666667,Medium,0.45,0.0,36.6,0.68,False,0.174
2026-05-19,Dhanbad,Tier 3,38.0,0.6,20.333333333333343,20.49333333333334,Low,0.43,0.2,32.7,0.56,False,0.046
2026-05-19,Dharmapuri,Tier 3,45.666666666666664,5.799999999999999,68.88888888888889,37.51888888888889,Medium,0.53,1.1,29.0,0.86,False,0.114
2026-05-19,Dhule,Tier 3,46.00000000000001,5.0,24.000000000000004,26.150000000000002,Low,0.56,0.0,35.5,0.58,False,0.044
2026-05-19,Dindigul,Tier 3,47.66666666666667,12.7,28.666666666666668,30.678333333333338,Medium,0.56,0.6,31.2,0.61,False,0.09
2026-05-19,Durg,Tier 3,44.99999999999999,6.000000000000014,9.0,22.35,Low,0.47,0.0,35.6,0.39,False,0.166
2026-05-19,Eluru,Tier 3,33.66666666666667,1.2999999999999998,50.000000000000014,26.421666666666674,Low,0.43,0.0,33.9,0.8,False,0.15
2026-05-19,Erode,Tier 3,41.0,3.8999999999999995,66.22222222222224,34.32055555555556,Medium,0.51,0.8,31.6,0.82,False,0.104
2026-05-19,Etawah,Tier 3,32.33333333333333,5.0,30.66666666666666,22.349999999999998,Low,0.38,0.0,35.5,0.6,False,0.142
2026-05-19,Faridabad,Tier 2,28.666666666666664,27.999999999999968,48.000000000000014,33.26666666666666,Medium,0.29,0.0,37.8,0.79,False,0.462
2026-05-19,Farrukhabad,Tier 3,43.66666666666667,0.0,60.0,32.46666666666667,Medium,0.46,0.0,34.5,0.85,False,0.079
2026-05-19,Gandhinagar,Tier 3,28.666666666666664,0.0,9.666666666666668,13.883333333333333,Low,0.29,0.0,35.0,0.38,False,0.286
2026-05-19,Ghaziabad,Tier 2,49.0,17.99999999999997,29.66666666666667,33.31666666666666,Medium,0.59,0.0,36.8,0.63,False,0.153
2026-05-19,Gorakhpur,Tier 3,40.33333333333333,0.0,9.933333333333332,18.616666666666667,Low,0.42,0.0,32.0,0.4,False,0.125
2026-05-19,Greater Noida,Tier 3,44.0,10.0,78.66666666666669,40.76666666666667,Medium,0.54,0.0,36.0,0.92,False,0.22
2026-05-19,Gulbarga,Tier 3,39.33333333333333,6.8,55.333333333333336,31.946666666666665,Medium,0.43,0.9,33.3,0.82,False,0.076
2026-05-19,Gurgaon,Tier 3,32.66666666666667,13.999999999999984,27.33333333333334,24.8,Low,0.37,0.0,36.4,0.67,False,0.174
2026-05-19,Guwahati,Tier 3,64.99999999999999,33.41666666666667,9.6,40.09583333333333,Medium,0.7,3.5,27.1,0.48,True,0.605
2026-05-19,Gwalior,Tier 3,43.33333333333333,32.00000000000003,78.66666666666669,48.20000000000002,Medium,0.47,0.0,38.2,0.92,False,0.443
2026-05-19,Hapur,Tier 3,48.000000000000014,1.0000000000000142,62.66666666666667,35.21666666666668,Medium,0.54,0.0,35.1,0.86,False,0.154
2026-05-19,Hassan,Tier 3,39.66666666666666,24.75,43.33333333333333,35.3625,Medium,0.47,8.9,24.2,0.76,False,0.24
2026-05-19,Hospet,Tier 3,39.0,1.5999999999999999,21.66666666666667,21.576666666666668,Low,0.49,0.0,29.1,0.5,False,0.038
2026-05-19,Hosur,Tier 3,38.0,14.700000000000001,49.33333333333336,32.67833333333334,Medium,0.37,4.9,25.5,0.67,False,0.15
2026-05-19,Hubli,Tier 3,45.666666666666664,8.9,86.66666666666666,43.04833333333333,Medium,0.53,1.1,26.6,0.95,False,0.23
2026-05-19,Hyderabad,Tier 1,59.00000000000001,1.2999999999999998,9.8,26.505000000000003,Low,0.66,0.3,33.0,0.41,False,0.299
2026-05-19,Ichalkaranji,Tier 3,44.0,16.75,24.000000000000004,29.462500000000002,Low,0.54,5.7,28.3,0.55,False,0.099
2026-05-19,Imphal,Tier 3,35.33333333333333,9.6,34.666666666666664,26.159999999999997,Low,0.45,0.5,24.6,0.71,False,0.124
2026-05-19,Indore,Tier 2,46.66666666666668,10.0,36.666666666666686,31.333333333333343,Medium,0.53,0.0,36.0,0.73,False,0.097
2026-05-19,Jabalpur,Tier 3,38.33333333333333,16.000000000000014,20.0,25.933333333333337,Low,0.44,0.0,36.6,0.6,False,0.142
2026-05-19,Jaipur,Tier 2,45.00000000000001,22.00000000000003,66.22222222222224,42.255555555555574,Medium,0.55,0.0,37.2,0.83,False,0.316
2026-05-19,Jalandhar,Tier 3,35.66666666666667,2.0000000000000284,37.33333333333334,24.300000000000015,Low,0.37,0.0,35.2,0.72,False,0.098
2026-05-19,Jalgaon,Tier 3,66.5,12.000000000000028,42.00000000000001,41.30000000000001,Medium,0.71,0.0,36.2,0.76,False,0.377
2026-05-19,Jalna,Tier 3,40.66666666666667,7.000000000000028,67.1111111111111,35.494444444444454,Medium,0.45,0.0,35.7,0.78,False,0.121
2026-05-19,Jamshedpur,Tier 2,30.666666666666668,0.4999999999999998,73.33333333333334,30.775000000000006,Medium,0.4,0.0,34.2,0.9,False,0.275
2026-05-19,Junagadh,Tier 3,45.00000000000001,0.0,73.33333333333334,36.33333333333334,Medium,0.55,0.0,32.6,0.9,False,0.145
2026-05-19,Kadapa,Tier 3,46.00000000000001,0.2999999999999997,42.66666666666667,29.17166666666667,Low,0.56,0.0,34.6,0.73,False,0.068
2026-05-19,Kalyan,Tier 3,54.5,1.5,19.0,27.075,Low,0.63,0.0,32.7,0.59,False,0.152
2026-05-19,Kanpur,Tier 2,50.0,30.0,52.000000000000014,43.5,Medium,0.6,0.0,38.0,0.81,False,0.346
2026-05-19,Kanyakumari,Tier 3,37.0,13.799999999999999,14.999999999999995,23.38,Low,0.35,4.6,28.8,0.5,False,0.166
2026-05-19,Karimnagar,Tier 3,39.33333333333333,0.0999999999999999,10.666666666666671,18.435000000000002,Low,0.49,0.0,34.2,0.49,False,0.132
2026-05-19,Karnal,Tier 3,36.0,2.9999999999999716,51.333333333333336,28.283333333333324,Low,0.46,0.0,35.3,0.7,False,0.118
2026-05-19,Karur,Tier 3,41.0,9.0,63.55555555555555,35.43888888888889,Medium,0.51,0.4,31.8,0.83,False,0.132
2026-05-19,Khammam,Tier 3,41.0,0.1999999999999998,38.00000000000001,25.970000000000006,Low,0.51,0.0,32.8,0.74,False,0.042
2026-05-19,Kochi,Tier 3,42.333333333333336,44.46666666666667,26.000000000000007,38.99666666666667,Medium,0.44,16.3,28.0,0.66,False,0.463
2026-05-19,Kolar,Tier 3,37.666666666666664,12.2,26.000000000000007,25.836666666666666,Low,0.43,3.6,26.5,0.5,False,0.076
2026-05-19,Kolhapur,Tier 3,48.66666666666667,20.5,86.66666666666666,48.30833333333334,Medium,0.53,7.2,27.3,0.95,False,0.364
2026-05-19,Kolkata,Tier 1,70.0,11.599999999999998,76.00000000000001,51.06,Medium,0.65,0.3,32.4,0.91,False,0.479
2026-05-19,Kollam,Tier 3,42.333333333333336,47.2,25.333333333333336,39.78666666666667,Medium,0.51,9.8,28.4,0.59,False,0.508
2026-05-19,Korba,Tier 3,35.0,0.5999999999999996,81.33333333333334,34.54333333333334,Medium,0.45,0.0,34.0,0.93,False,0.265
2026-05-19,Kozhikode,Tier 3,37.0,39.583333333333336,45.999999999999986,40.15416666666667,Medium,0.47,7.7,27.4,0.62,False,0.469
2026-05-19,Krishnagiri,Tier 3,47.33333333333334,16.416666666666664,15.666666666666664,28.59583333333333,Low,0.51,0.9,28.5,0.44,False,0.174
2026-05-19,Kurnool,Tier 3,49.0,0.4999999999999998,37.999999999999986,29.275,Low,0.59,0.0,34.3,0.72,False,0.073
2026-05-19,Latur,Tier 3,42.0,0.3,55.333333333333336,30.738333333333337,Medium,0.43,0.1,34.3,0.72,False,0.074
2026-05-19,Lucknow,Tier 2,62.00000000000001,10.0,38.00000000000001,37.800000000000004,Medium,0.68,0.0,36.0,0.74,False,0.307
2026-05-19,Ludhiana,Tier 2,30.333333333333336,7.999999999999971,21.0,20.183333333333323,Low,0.32,0.0,35.8,0.61,False,0.205
2026-05-19,Madurai,Tier 2,42.333333333333336,12.2,9.8,23.653333333333332,Low,0.44,0.6,31.4,0.49,False,0.159
2026-05-19,Malegaon,Tier 3,54.5,0.8999999999999999,11.33333333333333,24.948333333333334,Low,0.63,0.3,34.0,0.51,False,0.203
2026-05-19,Mandya,Tier 3,40.33333333333333,19.75,66.22222222222224,39.60138888888889,Medium,0.5,6.9,26.7,0.74,False,0.279
2026-05-19,Mangalore,Tier 3,47.0,66.6,58.0,56.61,Medium,0.57,28.3,26.9,0.84,True,0.749
2026-05-19,Mathura,Tier 3,38.33333333333333,28.999999999999986,9.8,27.933333333333326,Low,0.46,0.0,37.9,0.49,False,0.387
2026-05-19,Mau,Tier 3,40.33333333333333,0.0,86.66666666666666,37.8,Medium,0.42,0.0,33.0,0.95,False,0.2
2026-05-19,Meerut,Tier 2,45.00000000000001,5.0,27.666666666666668,26.66666666666667,Low,0.55,0.0,35.5,0.57,False,0.05
2026-05-19,Mumbai,Tier 1,87.0,0.0,9.333333333333332,37.13333333333334,Medium,0.87,0.0,30.4,0.4,True,0.609
2026-05-19,Muzaffarnagar,Tier 3,48.0,0.0,8.866666666666665,21.416666666666668,Low,0.58,0.0,33.8,0.41,False,0.165
2026-05-19,Muzaffarpur,Tier 3,38.0,0.0,9.0,17.450000000000003,Low,0.48,0.0,30.6,0.42,False,0.162
2026-05-19,Mysore,Tier 3,37.0,14.100000000000001,66.22222222222224,36.29055555555556,Medium,0.47,4.7,26.3,0.86,False,0.229
2026-05-19,Nagercoil,Tier 3,47.33333333333334,19.5,73.33333333333334,44.09166666666667,Medium,0.54,6.8,27.6,0.84,False,0.3
2026-05-19,Nagpur,Tier 2,51.5,35.0,68.88888888888889,50.07222222222222,Medium,0.61,0.0,38.5,0.8,False,0.496
2026-05-19,Namakkal,Tier 3,54.5,7.5,11.33333333333333,27.258333333333333,Low,0.63,1.3,32.2,0.44,False,0.235
2026-05-19,Nanded,Tier 3,63.49999999999999,20.0,13.666666666666663,35.81666666666666,Medium,0.69,0.0,37.0,0.43,False,0.418
2026-05-19,Nashik,Tier 2,33.0,0.3,71.55555555555559,31.1938888888889,Medium,0.39,0.1,31.1,0.81,False,0.2
2026-05-19,Navi Mumbai,Tier 2,77.0,0.0,65.33333333333334,47.13333333333334,Medium,0.78,0.0,31.1,0.86,False,0.503
2026-05-19,Nizamabad,Tier 3,43.0,3.0,53.99999999999999,31.75,Medium,0.53,1.0,35.0,0.81,False,0.07
2026-05-19,Noida,Tier 3,44.666666666666664,15.0,58.0,37.61666666666667,Medium,0.5,0.0,36.5,0.84,False,0.179
2026-05-19,Osmanabad,Tier 3,38.0,0.3,50.000000000000014,27.805000000000007,Low,0.48,0.1,33.5,0.8,False,0.064
2026-05-19,Panipat,Tier 3,64.99999999999999,8.999999999999986,12.000000000000002,32.14999999999999,Medium,0.7,0.0,35.9,0.52,False,0.354
2026-05-19,Parbhani,Tier 3,42.666666666666664,15.0,26.000000000000007,28.81666666666667,Low,0.46,0.0,36.5,0.66,False,0.089
2026-05-19,Patiala,Tier 3,57.5,13.999999999999984,46.000000000000014,39.4,Medium,0.65,0.0,36.4,0.78,False,0.308
2026-05-19,Patna,Tier 2,44.0,0.0,14.333333333333336,21.183333333333337,Low,0.54,0.0,31.0,0.51,False,0.05
2026-05-19,Pune,Tier 1,84.0,6.0,86.66666666666666,57.36666666666667,Medium,0.84,2.0,30.6,0.95,True,0.659
2026-05-19,Purnia,Tier 3,68.0,0.3,56.0,41.30500000000001,Medium,0.72,0.1,28.2,0.83,False,0.355
2026-05-19,Raichur,Tier 3,41.0,0.7,86.66666666666666,38.31166666666667,Medium,0.51,0.1,33.6,0.95,False,0.195
2026-05-19,Raipur,Tier 2,44.99999999999999,10.0,86.66666666666666,43.16666666666666,Medium,0.52,0.0,36.0,0.95,False,0.225
2026-05-19,Rajkot,Tier 2,39.0,0.0,73.33333333333334,33.93333333333334,Medium,0.49,0.0,33.3,0.9,False,0.131
2026-05-19,Ramanagara,Tier 3,48.0,16.75,24.000000000000004,31.062500000000004,Medium,0.58,5.7,26.9,0.64,False,0.125
2026-05-19,Rampur,Tier 3,51.5,0.0,52.000000000000014,33.60000000000001,Medium,0.61,0.0,32.8,0.81,False,0.13
2026-05-19,Ratlam,Tier 3,46.333333333333336,0.0,8.533333333333333,20.666666666666668,Low,0.49,0.0,34.1,0.41,False,0.177
2026-05-19,Rohtak,Tier 3,48.0,10.0,78.66666666666669,42.366666666666674,Medium,0.58,0.0,36.0,0.92,False,0.256
2026-05-19,Rourkela,Tier 3,41.0,3.4,46.000000000000014,29.090000000000007,Low,0.51,0.8,33.5,0.78,False,0.056
2026-05-19,Sagar,Tier 3,47.0,21.000000000000014,12.666666666666673,29.316666666666674,Low,0.57,0.0,37.1,0.52,False,0.222
2026-05-19,Salem,Tier 3,46.00000000000001,6.6000000000000005,71.55555555555559,38.598888888888894,Medium,0.56,1.8,31.2,0.89,False,0.127
2026-05-19,Sambalpur,Tier 3,53.0,0.1999999999999998,15.666666666666664,25.186666666666667,Low,0.62,0.0,34.4,0.52,False,0.151
2026-05-19,Sangli,Tier 3,38.66666666666666,5.7,50.000000000000014,29.961666666666666,Low,0.46,1.9,29.2,0.8,False,0.075
2026-05-19,Satara,Tier 3,69.5,0.6,21.0,33.260000000000005,Medium,0.73,0.2,30.5,0.61,False,0.327
2026-05-19,Satna,Tier 3,68.0,12.000000000000028,14.000000000000004,34.90000000000001,Medium,0.72,0.0,36.2,0.54,False,0.37
2026-05-19,Shahjahanpur,Tier 3,39.66666666666666,0.0,13.000000000000004,19.116666666666664,Low,0.43,0.0,33.2,0.53,False,0.069
2026-05-19,Shivamogga,Tier 3,57.5,8.9,11.33333333333333,28.94833333333333,Low,0.65,1.1,26.0,0.4,False,0.274
2026-05-19,Sivakasi,Tier 3,48.0,6.999999999999999,12.666666666666673,24.81666666666667,Low,0.58,0.1,32.1,0.52,False,0.131
2026-05-19,Solapur,Tier 3,59.00000000000001,0.8999999999999999,22.333333333333343,29.498333333333342,Low,0.66,0.3,34.0,0.52,False,0.183
2026-05-19,Sonipat,Tier 3,60.50000000000001,2.0000000000000284,86.66666666666666,46.56666666666668,Medium,0.67,0.0,35.2,0.95,False,0.395
2026-05-19,Srinagar,Tier 2,32.0,3.0,38.00000000000001,23.35,Low,0.31,1.0,20.9,0.74,False,0.162
2026-05-19,Surat,Tier 2,62.99999999999999,0.0,25.000000000000007,31.450000000000003,Medium,0.68,0.0,33.2,0.65,False,0.248
2026-05-19,Thane,Tier 2,49.0,0.0,48.66666666666667,31.76666666666667,Medium,0.46,0.0,31.9,0.79,False,0.082
2026-05-19,Theni,Tier 3,46.00000000000001,6.100000000000001,32.0,28.535000000000004,Low,0.48,0.9,30.7,0.67,False,0.047
2026-05-19,Thiruvananthapuram,Tier 3,43.666666666666664,48.0,22.0,39.766666666666666,Medium,0.39,17.7,27.2,0.53,True,0.556
2026-05-19,Thoothukudi,Tier 3,74.0,4.300000000000001,36.666666666666686,40.271666666666675,Medium,0.76,0.0,31.1,0.69,False,0.383
2026-05-19,Thrissur,Tier 3,51.5,45.8,44.66666666666669,47.79666666666667,Medium,0.61,17.9,27.6,0.67,True,0.592
2026-05-19,Tiruchirappalli,Tier 3,44.0,5.899999999999999,13.333333333333332,22.99833333333333,Low,0.54,1.4,31.0,0.45,False,0.091
2026-05-19,Tirunelveli,Tier 3,44.0,6.999999999999999,9.8,22.5,Low,0.54,0.5,31.8,0.42,False,0.134
2026-05-19,Tiruppur,Tier 3,35.0,6.1,48.000000000000014,28.135,Low,0.45,0.0,30.9,0.66,False,0.125
2026-05-19,Tumakuru,Tier 3,42.0,10.7,35.33333333333334,29.378333333333337,Low,0.52,2.1,26.2,0.66,False,0.084
2026-05-19,Tumkur,Tier 3,77.0,10.7,26.000000000000007,41.045,Medium,0.78,2.1,26.2,0.66,False,0.442
2026-05-19,Udaipur,Tier 3,37.0,0.0,49.33333333333336,27.13333333333334,Low,0.47,0.0,33.9,0.78,False,0.068
2026-05-19,Vadodara,Tier 2,36.333333333333336,10.0,9.6,20.433333333333334,Low,0.42,0.0,36.0,0.48,False,0.21
2026-05-19,Varanasi,Tier 2,30.333333333333336,0.0,58.666666666666686,26.800000000000004,Low,0.31,0.0,35.0,0.82,False,0.22
2026-05-19,Vasai,Tier 3,48.0,0.2999999999999997,32.0,27.305000000000003,Low,0.58,0.0,30.7,0.71,False,0.048
2026-05-19,Vijayawada,Tier 2,45.00000000000001,2.8000000000000007,60.0,33.980000000000004,Medium,0.55,0.1,35.0,0.85,False,0.082
2026-05-19,Virudhunagar,Tier 3,37.0,3.400000000000001,53.33333333333336,29.323333333333338,Low,0.47,0.2,32.0,0.74,False,0.097
2026-05-19,Visakhapatnam,Tier 2,37.0,0.0,45.33333333333335,26.13333333333334,Low,0.47,0.0,31.9,0.75,False,0.062
2026-05-19,Warangal,Tier 3,44.99999999999999,0.6,9.8,20.659999999999997,Low,0.48,0.2,33.1,0.48,False,0.122
2026-05-20,Agra,Tier 2,35.0,25.0,32.0,30.75,Medium,0.45,0.0,37.5,0.71,False,0.24
2026-05-20,Ahmedabad,Tier 2,52.62499999999999,3.9999999999999853,70.0,39.94999999999999,Medium,0.59,0.0,35.4,0.77,False,0.187
2026-05-20,Ahmednagar,Tier 3,32.25,1.5,8.7,15.600000000000001,Low,0.41,0.5,32.0,0.37,False,0.304
2026-05-20,Akola,Tier 3,41.0,18.999999999999986,65.33333333333334,39.38333333333333,Medium,0.51,0.0,36.9,0.72,False,0.246
2026-05-20,Aligarh,Tier 3,50.0,12.000000000000028,68.0,41.20000000000001,Medium,0.6,0.0,36.2,0.85,False,0.25
2026-05-20,Allahabad,Tier 2,36.0,23.999999999999986,21.5,28.174999999999997,Low,0.46,0.0,37.4,0.57,False,0.238
2026-05-20,Alwar,Tier 3,45.25,8.999999999999986,36.00000000000001,30.25,Medium,0.5,0.0,35.9,0.73,False,0.081
2026-05-20,Amravati,Tier 3,36.75,26.00000000000001,44.000000000000014,34.80000000000001,Medium,0.35,0.0,37.6,0.77,False,0.278
2026-05-20,Amritsar,Tier 2,35.0,0.0,16.000000000000007,18.0,Low,0.45,0.0,34.8,0.56,False,0.087
2026-05-20,Anantapur,Tier 3,34.0,0.22499999999999998,32.0,21.67875,Low,0.44,0.0,33.5,0.71,False,0.095
2026-05-20,Arrah,Tier 3,41.0,0.0,29.750000000000007,23.837500000000006,Low,0.51,0.0,33.2,0.69,False,0.001
2026-05-20,Asansol,Tier 3,38.75,0.44999999999999996,28.50000000000001,22.782500000000002,Low,0.46,0.0,32.4,0.6,False,0.02
2026-05-20,Aurangabad,Tier 3,48.0,0.0,18.0,23.700000000000003,Low,0.58,0.0,33.5,0.58,False,0.065
2026-05-20,Avadi,Tier 3,38.25,3.375,46.000000000000014,27.981250000000003,Low,0.47,0.0,34.5,0.78,False,0.071
2026-05-20,Bangalore,Tier 1,95.0,27.25,18.0,52.0375,Medium,0.95,5.7,25.9,0.58,True,0.759
2026-05-20,Barasat,Tier 3,40.5,18.0625,20.5,27.646874999999998,Low,0.49,0.8,31.8,0.6,False,0.14
2026-05-20,Bardhaman,Tier 3,57.5,4.125,57.499999999999986,38.818749999999994,Medium,0.65,0.1,32.0,0.83,False,0.205
2026-05-20,Bareilly,Tier 3,39.0,0.0,21.749999999999996,21.0375,Low,0.4,0.0,33.1,0.59,False,0.009
2026-05-20,Bathinda,Tier 3,42.0,7.999999999999971,44.000000000000014,30.599999999999994,Medium,0.52,0.0,35.8,0.77,False,0.081
2026-05-20,Begusarai,Tier 3,47.0,3.3000000000000003,18.5,24.580000000000002,Low,0.57,1.1,31.9,0.55,False,0.064
2026-05-20,Belgaum,Tier 3,32.25,5.475,74.66666666666667,33.48291666666667,Medium,0.35,0.3,25.8,0.86,False,0.259
2026-05-20,Bellary,Tier 3,45.00000000000001,0.375,43.5,29.006250000000005,Low,0.55,0.0,31.4,0.69,False,0.055
2026-05-20,Bhagalpur,Tier 3,53.0,1.7999999999999998,9.0,24.080000000000002,Low,0.56,0.6,30.8,0.45,False,0.25
2026-05-20,Bharatpur,Tier 3,43.0,7.000000000000028,20.750000000000007,24.837500000000013,Low,0.5,0.0,35.7,0.52,False,0.061
2026-05-20,Bhilwara,Tier 3,32.75,0.0,40.00000000000001,23.1,Low,0.41,0.0,34.2,0.75,False,0.125
2026-05-20,Bhopal,Tier 2,41.25,21.000000000000014,9.8,26.300000000000004,Low,0.51,0.0,37.1,0.4,False,0.257
2026-05-20,Bhubaneswar,Tier 3,41.5,9.3,86.66666666666666,41.52166666666666,Medium,0.46,3.1,34.6,0.95,False,0.199
2026-05-20,Bhusawal,Tier 3,42.0,0.6,30.0,24.51,Low,0.49,0.2,35.0,0.7,False,0.016
2026-05-20,Bidar,Tier 3,62.00000000000001,2.775,52.50000000000001,38.89625000000001,Medium,0.68,0.0,32.5,0.76,False,0.278
2026-05-20,Bijapur,Tier 3,74.0,1.9500000000000002,26.000000000000007,36.782500000000006,Medium,0.76,0.1,30.3,0.66,False,0.372
2026-05-20,Bilaspur,Tier 3,38.0,3.9999999999999853,10.0,19.099999999999994,Low,0.48,0.0,35.4,0.5,False,0.154
2026-05-20,Bokaro Steel City,Tier 3,62.00000000000001,0.15,29.250000000000004,32.165000000000006,Medium,0.68,0.0,33.0,0.64,False,0.24
2026-05-20,Chandigarh,Tier 2,42.0,0.0,29.0,24.05,Low,0.52,0.0,33.9,0.69,False,0.01
2026-05-20,Chandrapur,Tier 3,64.99999999999999,30.0,23.000000000000004,42.25,Medium,0.7,0.0,38.0,0.63,False,0.48
2026-05-20,Chennai,Tier 1,80.0,4.875,8.55,35.84375,Medium,0.8,0.0,35.0,0.36,True,0.56
2026-05-20,Chikkaballapur,Tier 3,64.99999999999999,3.6750000000000003,86.66666666666666,48.95291666666666,Medium,0.7,1.0,26.4,0.95,False,0.45
2026-05-20,Chitradurga,Tier 3,62.00000000000001,4.125,25.250000000000014,32.556250000000006,Medium,0.68,0.0,27.6,0.65,False,0.238
2026-05-20,Coimbatore,Tier 2,40.0,3.2250000000000005,29.250000000000004,24.44125,Low,0.5,0.4,29.1,0.59,False,0.032
2026-05-20,Darbhanga,Tier 3,48.0,5.1,24.75,27.172500000000003,Low,0.58,1.7,30.8,0.55,False,0.067
2026-05-20,Davangere,Tier 3,44.75,5.1000000000000005,50.99999999999999,32.435,Medium,0.51,0.0,27.9,0.73,False,0.062
2026-05-20,Dehradun,Tier 3,45.00000000000001,0.0,45.000000000000014,29.250000000000007,Low,0.55,0.0,29.3,0.72,False,0.045
2026-05-20,Delhi,Tier 1,85.0,28.999999999999986,81.33333333333334,64.48333333333332,High,0.8,0.0,37.9,0.93,True,0.787
2026-05-20,Dewas,Tier 3,39.0,0.0,50.000000000000014,28.100000000000005,Low,0.49,0.0,34.6,0.8,False,0.048
2026-05-20,Dhanbad,Tier 3,37.5,0.375,16.75,19.31875,Low,0.46,0.1,33.8,0.46,False,0.072
2026-05-20,Dharmapuri,Tier 3,43.25,5.25,66.66666666666667,35.80416666666667,Medium,0.46,1.2,30.0,0.85,False,0.106
2026-05-20,Dhule,Tier 3,37.25,0.0,23.250000000000007,20.712500000000002,Low,0.44,0.0,34.0,0.61,False,0.023
2026-05-20,Dindigul,Tier 3,47.00000000000001,10.200000000000001,25.000000000000007,28.620000000000005,Low,0.55,0.9,30.9,0.54,False,0.066
2026-05-20,Durg,Tier 3,43.75,15.0,9.0,25.0,Low,0.5,0.0,36.5,0.45,False,0.228
2026-05-20,Eluru,Tier 3,48.0,6.000000000000014,26.750000000000004,27.987500000000008,Low,0.58,0.0,35.6,0.57,False,0.07
2026-05-20,Erode,Tier 3,37.25,3.5249999999999995,73.33333333333334,34.467083333333335,Medium,0.42,0.8,32.2,0.9,False,0.146
2026-05-20,Etawah,Tier 3,36.0,2.0000000000000284,28.0,22.10000000000001,Low,0.46,0.0,35.2,0.61,False,0.064
2026-05-20,Faridabad,Tier 2,35.0,27.00000000000003,42.00000000000001,33.95000000000001,Medium,0.45,0.0,37.7,0.7,False,0.296
2026-05-20,Farrukhabad,Tier 3,48.0,0.0,86.66666666666666,40.86666666666667,Medium,0.58,0.0,34.9,0.95,False,0.266
2026-05-20,Gandhinagar,Tier 3,33.0,0.0,9.45,15.5625,Low,0.43,0.0,34.8,0.44,False,0.204
2026-05-20,Ghaziabad,Tier 2,44.0,13.999999999999984,32.0,30.499999999999996,Medium,0.54,0.0,36.4,0.71,False,0.093
2026-05-20,Gorakhpur,Tier 3,51.5,0.0,14.000000000000004,24.1,Low,0.61,0.0,32.5,0.54,False,0.103
2026-05-20,Greater Noida,Tier 3,53.0,6.000000000000014,55.0,37.05000000000001,Medium,0.62,0.0,35.6,0.73,False,0.15
2026-05-20,Gulbarga,Tier 3,38.75,5.1,58.0,31.785,Medium,0.47,0.0,32.4,0.84,False,0.084
2026-05-20,Gurgaon,Tier 3,36.0,12.999999999999973,26.000000000000007,25.44999999999999,Low,0.46,0.0,36.3,0.62,False,0.11
2026-05-20,Guwahati,Tier 3,50.0,26.4375,9.45,31.615624999999998,Medium,0.6,1.2,28.6,0.45,False,0.385
2026-05-20,Gwalior,Tier 3,43.25,28.999999999999986,48.000000000000014,39.45,Medium,0.53,0.0,37.9,0.77,False,0.302
2026-05-20,Hapur,Tier 3,46.25,0.0,86.66666666666666,40.166666666666664,Medium,0.51,0.0,35.0,0.95,False,0.237
2026-05-20,Hassan,Tier 3,64.99999999999999,9.6,43.000000000000014,40.11,Medium,0.7,1.7,24.9,0.76,False,0.348
2026-05-20,Hospet,Tier 3,31.75,1.2,18.250000000000004,17.6825,Low,0.28,0.0,29.0,0.48,False,0.158
2026-05-20,Hosur,Tier 3,45.00000000000001,6.900000000000001,49.000000000000014,32.665000000000006,Medium,0.55,1.6,26.6,0.79,False,0.077
2026-05-20,Hubli,Tier 3,41.0,7.125,86.66666666666666,40.56041666666667,Medium,0.37,0.6,26.9,0.95,False,0.187
2026-05-20,Hyderabad,Tier 1,56.0,1.2,15.000000000000005,26.570000000000004,Low,0.64,0.3,33.3,0.55,False,0.172
2026-05-20,Ichalkaranji,Tier 3,41.0,6.075000000000001,21.5,23.90125,Low,0.51,1.5,29.1,0.54,False,0.038
2026-05-20,Imphal,Tier 3,42.0,7.199999999999999,28.250000000000004,26.3825,Low,0.52,0.0,25.8,0.56,False,0.048
2026-05-20,Indore,Tier 2,49.0,0.0,32.500000000000014,27.725000000000005,Low,0.59,0.0,34.2,0.65,False,0.034
2026-05-20,Jabalpur,Tier 3,42.0,20.0,40.00000000000001,33.800000000000004,Medium,0.52,0.0,37.0,0.75,False,0.183
2026-05-20,Jaipur,Tier 2,42.75,12.000000000000028,66.00000000000001,37.80000000000001,Medium,0.51,0.0,36.2,0.87,False,0.176
2026-05-20,Jalandhar,Tier 3,42.0,7.000000000000028,48.000000000000014,31.250000000000014,Medium,0.52,0.0,35.7,0.79,False,0.071
2026-05-20,Jalgaon,Tier 3,50.0,3.9000000000000004,32.500000000000014,29.490000000000002,Low,0.6,1.3,34.7,0.62,False,0.076
2026-05-20,Jalna,Tier 3,38.25,1.0000000000000142,76.00000000000001,34.650000000000006,Medium,0.41,0.1,35.1,0.91,False,0.151
2026-05-20,Jamshedpur,Tier 2,50.0,0.375,59.500000000000014,35.00625000000001,Medium,0.6,0.0,33.3,0.75,False,0.136
2026-05-20,Junagadh,Tier 3,39.0,0.0,76.00000000000001,34.60000000000001,Medium,0.45,0.0,32.5,0.91,False,0.152
2026-05-20,Kadapa,Tier 3,46.00000000000001,1.0000000000000142,48.000000000000014,30.75000000000001,Medium,0.56,0.0,35.1,0.79,False,0.063
2026-05-20,Kalyan,Tier 3,43.25,1.2,17.499999999999996,22.095000000000002,Low,0.53,0.1,33.2,0.53,False,0.066
2026-05-20,Kanpur,Tier 2,56.0,27.999999999999968,52.000000000000014,45.19999999999999,Medium,0.64,0.0,37.8,0.81,False,0.405
2026-05-20,Kanyakumari,Tier 3,41.0,5.324999999999999,13.500000000000004,21.63875,Low,0.51,1.1,29.5,0.49,False,0.086
2026-05-20,Karimnagar,Tier 3,49.0,8.999999999999986,28.00000000000001,29.75,Low,0.59,0.1,35.9,0.68,False,0.087
2026-05-20,Karnal,Tier 3,38.0,6.000000000000014,50.5,29.925000000000004,Low,0.48,0.0,35.6,0.79,False,0.078
2026-05-20,Karur,Tier 3,37.75,7.5,58.0,32.225,Medium,0.44,1.0,32.5,0.77,False,0.106
2026-05-20,Khammam,Tier 3,37.0,2.0999999999999996,24.500000000000004,21.66,Low,0.47,0.7,35.0,0.53,False,0.049
2026-05-20,Kochi,Tier 3,40.5,40.55,25.000000000000007,36.6425,Medium,0.45,9.4,27.9,0.65,False,0.421
2026-05-20,Kolar,Tier 3,56.0,9.525,23.250000000000007,31.54625,Medium,0.64,0.5,27.3,0.55,False,0.184
2026-05-20,Kolhapur,Tier 3,44.0,7.425,81.33333333333334,40.53208333333333,Medium,0.4,1.0,28.1,0.93,False,0.24
2026-05-20,Kolkata,Tier 1,87.0,8.7,52.000000000000014,50.84500000000001,Medium,0.87,0.0,32.6,0.73,True,0.625
2026-05-20,Kollam,Tier 3,49.0,41.2,36.00000000000001,43.02,Medium,0.59,6.6,28.2,0.73,False,0.48
2026-05-20,Korba,Tier 3,41.0,1.0000000000000142,86.66666666666666,38.41666666666667,Medium,0.51,0.0,35.1,0.95,False,0.196
2026-05-20,Kozhikode,Tier 3,59.00000000000001,31.625,42.00000000000001,45.16875,Medium,0.66,2.1,28.2,0.7,False,0.474
2026-05-20,Krishnagiri,Tier 3,63.49999999999999,14.925,13.749999999999998,34.061249999999994,Medium,0.69,3.2,29.6,0.48,False,0.375
2026-05-20,Kurnool,Tier 3,47.25,0.375,44.000000000000014,30.031250000000007,Medium,0.57,0.0,33.9,0.77,False,0.076
2026-05-20,Latur,Tier 3,45.00000000000001,0.075,48.5,30.151250000000005,Medium,0.55,0.0,33.9,0.69,False,0.074
2026-05-20,Lucknow,Tier 2,51.87500000000001,13.999999999999984,23.75,31.5875,Medium,0.57,0.0,36.4,0.43,False,0.149
2026-05-20,Ludhiana,Tier 2,33.0,6.000000000000014,17.25,19.612500000000004,Low,0.43,0.0,35.6,0.49,False,0.202
2026-05-20,Madurai,Tier 2,40.750000000000014,10.2,9.399999999999999,22.220000000000006,Low,0.46,1.4,32.6,0.42,False,0.18
2026-05-20,Malegaon,Tier 3,48.000000000000014,2.0999999999999996,10.750000000000007,22.62250000000001,Low,0.54,0.7,32.9,0.49,False,0.143
2026-05-20,Mandya,Tier 3,36.75,19.5,86.66666666666666,43.19166666666666,Medium,0.36,6.8,27.4,0.95,False,0.342
2026-05-20,Mangalore,Tier 3,37.75,42.1,55.0,43.585,Medium,0.47,2.8,28.2,0.8,False,0.478
2026-05-20,Mathura,Tier 3,37.5,17.99999999999997,12.000000000000002,24.29999999999999,Low,0.45,0.0,36.8,0.52,False,0.231
2026-05-20,Mau,Tier 3,54.5,0.0,55.500000000000014,35.675000000000004,Medium,0.63,0.0,34.0,0.79,False,0.164
2026-05-20,Meerut,Tier 2,41.0,7.999999999999971,52.000000000000014,32.199999999999996,Medium,0.51,0.0,35.8,0.81,False,0.089
2026-05-20,Mumbai,Tier 1,84.75,0.3,9.05,36.2675,Medium,0.79,0.1,30.8,0.41,True,0.602
2026-05-20,Muzaffarnagar,Tier 3,39.25,2.0000000000000284,8.6,18.55000000000001,Low,0.41,0.0,35.2,0.39,False,0.198
2026-05-20,Muzaffarpur,Tier 3,40.0,2.0999999999999996,9.0,18.985,Low,0.5,0.7,31.1,0.45,False,0.168
2026-05-20,Mysore,Tier 3,43.0,6.525,86.66666666666666,41.150416666666665,Medium,0.53,0.8,26.9,0.95,False,0.184
2026-05-20,Nagercoil,Tier 3,46.75,16.0,71.33333333333333,42.133333333333326,Medium,0.55,1.9,28.2,0.87,False,0.243
2026-05-20,Nagpur,Tier 2,34.0,32.99999999999997,55.500000000000014,39.02499999999999,Medium,0.44,0.0,38.3,0.66,False,0.421
2026-05-20,Namakkal,Tier 3,42.0,5.8500000000000005,9.95,21.335,Low,0.52,0.3,32.2,0.45,False,0.142
2026-05-20,Nanded,Tier 3,60.50000000000001,17.99999999999997,11.000000000000002,33.24999999999999,Medium,0.67,0.0,36.8,0.43,False,0.391
2026-05-20,Nashik,Tier 2,34.0,3.9000000000000004,70.0,32.465,Medium,0.44,1.3,29.6,0.87,False,0.189
2026-05-20,Navi Mumbai,Tier 2,62.00000000000001,0.8999999999999999,86.66666666666666,46.781666666666666,Medium,0.68,0.3,31.4,0.95,False,0.424
2026-05-20,Nizamabad,Tier 3,60.50000000000001,5.0,52.000000000000014,38.95,Medium,0.67,0.1,35.5,0.78,False,0.256
2026-05-20,Noida,Tier 3,44.5,13.999999999999984,60.0,37.699999999999996,Medium,0.54,0.0,36.4,0.85,False,0.19
2026-05-20,Osmanabad,Tier 3,41.0,0.8999999999999999,47.50000000000003,28.59000000000001,Low,0.51,0.3,32.1,0.77,False,0.046
2026-05-20,Panipat,Tier 3,47.0,15.0,9.549999999999999,26.4375,Low,0.57,0.0,36.5,0.47,False,0.206
2026-05-20,Parbhani,Tier 3,42.25,15.0,20.750000000000007,27.337500000000006,Low,0.51,0.0,36.5,0.56,False,0.1
2026-05-20,Patiala,Tier 3,71.0,15.0,29.250000000000004,40.962500000000006,Medium,0.74,0.0,36.5,0.61,False,0.42
2026-05-20,Patna,Tier 2,39.0,1.5,14.000000000000004,19.625,Low,0.36,0.5,32.0,0.53,False,0.082
2026-05-20,Pune,Tier 1,68.375,7.199999999999999,68.0,46.870000000000005,Medium,0.71,2.4,29.8,0.79,False,0.4
2026-05-20,Purnia,Tier 3,50.0,4.199999999999999,47.5,33.345,Medium,0.6,1.4,29.6,0.72,False,0.109
2026-05-20,Raichur,Tier 3,50.0,0.5249999999999999,72.66666666666666,38.35041666666666,Medium,0.6,0.0,32.8,0.85,False,0.179
2026-05-20,Raipur,Tier 2,40.5,17.00000000000003,86.66666666666666,43.81666666666668,Medium,0.37,0.0,36.7,0.95,False,0.287
2026-05-20,Rajkot,Tier 2,23.500000000000004,0.0,51.5,22.275000000000002,Low,0.31,0.0,33.6,0.73,False,0.315
2026-05-20,Ramanagara,Tier 3,39.5,14.100000000000001,19.5,25.61,Low,0.45,4.7,27.3,0.52,False,0.101
2026-05-20,Rampur,Tier 3,45.00000000000001,0.0,24.75,24.187500000000004,Low,0.55,0.0,32.9,0.56,False,0.021
2026-05-20,Ratlam,Tier 3,60.50000000000001,0.0,8.5,26.325000000000003,Low,0.67,0.0,32.8,0.42,False,0.34
2026-05-20,Rohtak,Tier 3,33.999999999999986,11.000000000000014,86.66666666666666,39.11666666666666,Medium,0.39,0.0,36.1,0.95,False,0.282
2026-05-20,Rourkela,Tier 3,56.0,2.55,34.0,31.7925,Medium,0.64,0.0,33.9,0.67,False,0.143
2026-05-20,Sagar,Tier 3,68.0,18.999999999999986,22.0,39.349999999999994,Medium,0.72,0.0,36.9,0.62,False,0.393
2026-05-20,Salem,Tier 3,42.0,7.800000000000001,59.500000000000014,34.405,Medium,0.52,2.6,31.6,0.71,False,0.11
2026-05-20,Sambalpur,Tier 3,47.0,0.15,15.500000000000007,22.7275,Low,0.57,0.0,34.2,0.55,False,0.069
2026-05-20,Sangli,Tier 3,39.0,2.3249999999999997,42.5,27.03875,Low,0.49,0.3,29.1,0.75,False,0.073
2026-05-20,Satara,Tier 3,49.25000000000001,4.199999999999999,19.0,25.92,Low,0.58,1.4,28.9,0.59,False,0.083
2026-05-20,Satna,Tier 3,43.75,20.0,12.000000000000002,27.5,Low,0.51,0.0,37.0,0.52,False,0.217
2026-05-20,Shahjahanpur,Tier 3,48.0,0.0,9.7,21.625000000000004,Low,0.58,0.0,33.3,0.36,False,0.127
2026-05-20,Shivamogga,Tier 3,49.25000000000001,7.425,10.5,24.923750000000002,Low,0.55,1.0,27.1,0.48,False,0.182
2026-05-20,Sivakasi,Tier 3,39.749999999999986,5.625,12.249999999999996,20.931249999999995,Low,0.38,0.5,33.9,0.51,False,0.128
2026-05-20,Solapur,Tier 3,71.0,0.5249999999999999,19.5,33.45875,Medium,0.74,0.0,33.0,0.51,False,0.337
2026-05-20,Sonipat,Tier 3,45.50000000000001,7.999999999999971,69.33333333333334,38.33333333333333,Medium,0.51,0.0,35.8,0.81,False,0.135
2026-05-20,Srinagar,Tier 2,29.000000000000004,0.9750000000000001,52.000000000000014,24.941250000000004,Low,0.3,0.3,20.1,0.81,False,0.244
2026-05-20,Surat,Tier 2,62.75000000000001,0.0,26.000000000000007,31.60000000000001,Medium,0.68,0.0,31.8,0.66,False,0.242
2026-05-20,Thane,Tier 2,54.5,0.0,45.50000000000002,33.175000000000004,Medium,0.63,0.0,32.2,0.73,False,0.15
2026-05-20,Theni,Tier 3,47.0,5.025,30.50000000000001,28.183750000000003,Low,0.57,0.6,32.2,0.68,False,0.052
2026-05-20,Thiruvananthapuram,Tier 3,54.5,41.65,24.000000000000004,42.3775,Medium,0.63,6.3,27.2,0.64,False,0.526
2026-05-20,Thoothukudi,Tier 3,48.75,3.4499999999999997,42.00000000000001,31.207500000000003,Medium,0.54,0.3,32.5,0.76,False,0.092
2026-05-20,Thrissur,Tier 3,54.5,34.75,86.66666666666666,55.62916666666666,Medium,0.63,2.3,27.6,0.95,True,0.605
2026-05-20,Tiruchirappalli,Tier 3,38.0,4.425000000000001,29.0,23.99875,Low,0.48,0.0,32.1,0.69,False,0.047
2026-05-20,Tirunelveli,Tier 3,42.0,5.7,9.399999999999999,21.145000000000003,Low,0.52,0.6,32.6,0.41,False,0.149
2026-05-20,Tiruppur,Tier 3,48.0,5.25,58.0,35.5375,Medium,0.58,0.9,31.1,0.84,False,0.105
2026-05-20,Tumakuru,Tier 3,42.0,8.7,53.99999999999999,33.345,Medium,0.52,0.9,26.7,0.82,False,0.103
2026-05-20,Tumkur,Tier 3,57.5,8.7,56.0,40.045,Medium,0.56,0.9,26.7,0.83,False,0.243
2026-05-20,Udaipur,Tier 3,39.0,0.0,86.66666666666666,37.266666666666666,Medium,0.49,0.0,32.4,0.95,False,0.208
2026-05-20,Vadodara,Tier 2,47.0,0.0,9.5,21.175,Low,0.57,0.0,34.7,0.47,False,0.116
2026-05-20,Varanasi,Tier 2,35.0,12.999999999999973,65.33333333333334,34.883333333333326,Medium,0.45,0.0,36.3,0.87,False,0.243
2026-05-20,Vasai,Tier 3,39.24999999999999,0.22499999999999998,25.75,22.216249999999995,Low,0.36,0.0,30.9,0.57,False,0.024
2026-05-20,Vijayawada,Tier 2,81.0,17.99999999999997,24.25,44.76249999999999,Medium,0.81,0.0,36.8,0.48,True,0.552
2026-05-20,Virudhunagar,Tier 3,49.0,3.375,50.000000000000014,33.28125,Medium,0.59,1.1,33.9,0.75,False,0.086
2026-05-20,Visakhapatnam,Tier 2,50.0,1.2,37.00000000000001,29.67,Low,0.6,0.4,33.8,0.61,False,0.086
2026-05-20,Warangal,Tier 3,47.0,5.0,9.75,22.9875,Low,0.57,0.0,35.5,0.48,False,0.137
2026-05-21,Agra,Tier 2,28.0,23.999999999999986,60.0,34.599999999999994,Medium,0.38,0.0,37.4,0.85,False,0.488
2026-05-21,Ahmedabad,Tier 2,77.0,0.0,86.66666666666666,52.46666666666667,Medium,0.78,0.0,35.0,0.95,True,0.56
2026-05-21,Ahmednagar,Tier 3,47.0,0.3,8.68,21.075000000000003,Low,0.57,0.0,31.6,0.43,False,0.181
2026-05-21,Akola,Tier 3,35.400000000000006,15.0,86.66666666666666,41.07666666666667,Medium,0.45,0.0,36.5,0.95,False,0.299
2026-05-21,Aligarh,Tier 3,43.2,10.0,68.00000000000003,37.78000000000001,Medium,0.4,0.0,36.0,0.88,False,0.157
2026-05-21,Allahabad,Tier 2,31.0,27.00000000000003,19.4,26.70000000000001,Low,0.35,0.0,37.7,0.51,False,0.39
2026-05-21,Alwar,Tier 3,43.2,10.0,22.200000000000003,26.330000000000002,Low,0.45,0.0,36.0,0.59,False,0.067
2026-05-21,Amravati,Tier 3,35.99999999999999,26.00000000000001,40.400000000000006,33.6,Medium,0.43,0.0,37.6,0.74,False,0.269
2026-05-21,Amritsar,Tier 2,27.6,2.0000000000000284,11.200000000000001,14.540000000000012,Low,0.37,0.0,35.2,0.4,False,0.337
2026-05-21,Anantapur,Tier 3,31.799999999999997,0.8999999999999999,18.4,17.634999999999998,Low,0.36,0.3,33.8,0.46,False,0.144
2026-05-21,Arrah,Tier 3,36.39999999999999,0.6,29.6,22.169999999999998,Low,0.45,0.2,34.4,0.69,False,0.045
2026-05-21,Asansol,Tier 3,38.6,0.36,27.199999999999996,22.366,Low,0.48,0.0,33.5,0.62,False,0.029
2026-05-21,Aurangabad,Tier 3,38.2,0.0,10.200000000000001,17.830000000000002,Low,0.41,0.0,33.5,0.36,False,0.122
2026-05-21,Avadi,Tier 3,53.0,2.9999999999999716,36.800000000000004,31.449999999999996,Medium,0.62,0.0,35.3,0.71,False,0.131
2026-05-21,Bangalore,Tier 1,84.39999999999999,22.4,32.0,49.599999999999994,Medium,0.79,0.2,27.1,0.71,True,0.642
2026-05-21,Barasat,Tier 3,39.6,14.940000000000001,21.0,26.319000000000003,Low,0.46,0.0,31.9,0.61,False,0.098
2026-05-21,Bardhaman,Tier 3,42.800000000000004,7.5,58.0,34.245000000000005,Medium,0.4,2.5,32.5,0.84,False,0.086
2026-05-21,Bareilly,Tier 3,50.0,0.0,20.4,25.1,Low,0.6,0.0,34.0,0.55,False,0.066
2026-05-21,Bathinda,Tier 3,34.0,21.000000000000014,31.200000000000024,28.750000000000014,Low,0.38,0.0,37.1,0.68,False,0.222
2026-05-21,Begusarai,Tier 3,35.0,2.4,16.000000000000007,18.840000000000003,Low,0.36,0.8,32.6,0.46,False,0.105
2026-05-21,Belgaum,Tier 3,31.6,4.38,68.00000000000003,31.17300000000001,Medium,0.39,0.0,27.4,0.78,False,0.234
2026-05-21,Bellary,Tier 3,43.0,0.3,40.400000000000006,27.405,Low,0.53,0.0,32.0,0.69,False,0.054
2026-05-21,Bhagalpur,Tier 3,49.2,9.899999999999999,9.399999999999999,25.495000000000005,Low,0.48,3.3,31.5,0.47,False,0.215
2026-05-21,Bharatpur,Tier 3,47.0,16.000000000000014,26.000000000000007,30.900000000000006,Medium,0.57,0.0,36.6,0.66,False,0.111
2026-05-21,Bhilwara,Tier 3,37.0,0.0,27.000000000000007,21.550000000000004,Low,0.47,0.0,34.1,0.67,False,0.029
2026-05-21,Bhopal,Tier 2,50.0,12.000000000000028,9.6,26.60000000000001,Low,0.6,0.0,36.2,0.44,False,0.219
2026-05-21,Bhubaneswar,Tier 3,51.5,21.75,83.99999999999999,49.2125,Medium,0.61,7.7,34.9,0.94,False,0.435
2026-05-21,Bhusawal,Tier 3,40.6,3.9999999999999853,65.33333333333334,33.97333333333333,Medium,0.45,0.0,35.4,0.87,False,0.105
2026-05-21,Bidar,Tier 3,44.0,2.2199999999999998,70.66666666666667,36.04366666666667,Medium,0.54,0.0,33.2,0.89,False,0.109
2026-05-21,Bijapur,Tier 3,46.00000000000001,1.62,16.999999999999996,23.217000000000002,Low,0.56,0.1,30.6,0.57,False,0.071
2026-05-21,Bilaspur,Tier 3,42.0,12.999999999999973,9.64,23.75999999999999,Low,0.52,0.0,36.3,0.42,False,0.177
2026-05-21,Bokaro Steel City,Tier 3,51.5,0.3,28.0,27.705000000000002,Low,0.61,0.1,33.8,0.63,False,0.093
2026-05-21,Chandigarh,Tier 2,41.0,0.0,21.0,21.650000000000002,Low,0.51,0.0,33.4,0.59,False,0.0
2026-05-21,Chandrapur,Tier 3,47.400000000000006,36.000000000000014,27.000000000000007,38.31000000000001,Medium,0.54,0.0,38.6,0.67,False,0.336
2026-05-21,Chennai,Tier 1,64.39999999999999,5.0,8.28,29.58,Low,0.64,0.0,35.5,0.36,False,0.415
2026-05-21,Chikkaballapur,Tier 3,39.2,3.5400000000000005,70.13333333333337,34.45233333333334,Medium,0.36,1.0,27.4,0.81,False,0.111
2026-05-21,Chitradurga,Tier 3,40.800000000000004,6.6000000000000005,24.600000000000005,24.780000000000005,Low,0.34,2.2,28.6,0.62,False,0.046
2026-05-21,Coimbatore,Tier 2,36.400000000000006,3.5999999999999996,48.000000000000014,27.820000000000007,Low,0.46,1.2,29.6,0.79,False,0.095
2026-05-21,Darbhanga,Tier 3,35.800000000000004,12.299999999999999,21.6,24.025,Low,0.42,4.1,30.8,0.49,False,0.117
2026-05-21,Davangere,Tier 3,51.5,4.319999999999999,49.60000000000001,34.512,Medium,0.61,0.4,28.4,0.77,False,0.115
2026-05-21,Dehradun,Tier 3,66.5,0.0,42.400000000000006,37.2,Medium,0.71,0.0,29.9,0.71,False,0.31
2026-05-21,Delhi,Tier 1,80.0,30.0,81.33333333333334,62.833333333333336,High,0.6,0.0,38.0,0.93,True,0.753
2026-05-21,Dewas,Tier 3,37.4,0.0,48.000000000000014,26.960000000000004,Low,0.44,0.0,34.2,0.79,False,0.058
2026-05-21,Dhanbad,Tier 3,37.4,1.2,21.0,20.630000000000003,Low,0.47,0.4,34.2,0.61,False,0.05
2026-05-21,Dharmapuri,Tier 3,39.8,16.75,86.66666666666666,43.44916666666666,Medium,0.36,5.7,30.9,0.95,False,0.28
2026-05-21,Dhule,Tier 3,39.0,0.0,22.0,21.1,Low,0.49,0.0,33.6,0.57,False,0.007
2026-05-21,Dindigul,Tier 3,44.60000000000001,8.16,22.0,26.196000000000005,Low,0.45,0.0,32.9,0.5,False,0.07
2026-05-21,Durg,Tier 3,43.0,27.999999999999968,8.84,29.209999999999987,Low,0.5,0.0,37.8,0.41,False,0.378
2026-05-21,Eluru,Tier 3,44.0,15.0,25.800000000000008,29.300000000000004,Low,0.54,0.0,36.5,0.62,False,0.086
2026-05-21,Erode,Tier 3,36.8,6.300000000000001,63.20000000000003,32.72500000000001,Medium,0.45,2.1,33.3,0.79,False,0.144
2026-05-21,Etawah,Tier 3,42.0,6.000000000000014,32.0,26.900000000000006,Low,0.52,0.0,35.6,0.71,False,0.043
2026-05-21,Faridabad,Tier 2,30.199999999999992,27.999999999999968,40.400000000000006,31.97999999999999,Medium,0.4,0.0,37.8,0.72,False,0.404
2026-05-21,Farrukhabad,Tier 3,74.0,3.9999999999999853,64.8,47.199999999999996,Medium,0.76,0.0,35.4,0.85,False,0.454
2026-05-21,Gandhinagar,Tier 3,39.0,0.0,10.0,18.1,Low,0.49,0.0,34.4,0.5,False,0.124
2026-05-21,Ghaziabad,Tier 2,47.0,27.999999999999968,29.8,36.04999999999999,Medium,0.57,0.0,37.8,0.69,False,0.233
2026-05-21,Gorakhpur,Tier 3,48.0,0.0,50.000000000000014,31.700000000000006,Medium,0.58,0.0,34.4,0.8,False,0.08
2026-05-21,Greater Noida,Tier 3,44.0,16.000000000000014,83.99999999999999,44.2,Medium,0.54,0.0,36.6,0.94,False,0.322
2026-05-21,Gulbarga,Tier 3,35.400000000000006,6.8999999999999995,52.39999999999999,29.675,Low,0.32,2.3,33.4,0.74,False,0.139
2026-05-21,Gurgaon,Tier 3,42.0,17.00000000000003,29.0,30.00000000000001,Medium,0.52,0.0,36.7,0.69,False,0.106
2026-05-21,Guwahati,Tier 3,44.39999999999999,25.75,9.6,29.172499999999996,Low,0.51,8.2,27.9,0.48,False,0.326
2026-05-21,Gwalior,Tier 3,41.2,18.999999999999986,48.000000000000014,35.129999999999995,Medium,0.43,0.0,36.9,0.79,False,0.182
2026-05-21,Hapur,Tier 3,81.0,6.000000000000014,63.199999999999974,50.3,Medium,0.81,0.0,35.6,0.78,True,0.547
2026-05-21,Hassan,Tier 3,44.39999999999999,7.68,52.000000000000014,33.448,Medium,0.53,0.0,26.1,0.81,False,0.092
2026-05-21,Hospet,Tier 3,47.0,0.96,19.0,23.886,Low,0.57,0.0,29.4,0.59,False,0.054
2026-05-21,Hosur,Tier 3,39.0,6.060000000000001,60.0,32.721000000000004,Medium,0.46,0.9,27.6,0.85,False,0.098
2026-05-21,Hubli,Tier 3,43.0,5.88,83.99999999999999,40.257999999999996,Medium,0.53,0.3,27.9,0.91,False,0.237
2026-05-21,Hyderabad,Tier 1,54.5,0.96,9.8,24.586,Low,0.63,0.0,34.6,0.43,False,0.228
2026-05-21,Ichalkaranji,Tier 3,40.0,4.9799999999999995,19.00000000000001,22.493000000000002,Low,0.48,0.2,30.0,0.49,False,0.069
2026-05-21,Imphal,Tier 3,41.0,6.180000000000001,27.40000000000001,25.413000000000004,Low,0.51,0.7,26.5,0.64,False,0.034
2026-05-21,Indore,Tier 2,66.5,0.0,34.0,35.1,Medium,0.71,0.0,33.8,0.72,False,0.279
2026-05-21,Jabalpur,Tier 3,38.0,21.000000000000014,28.00000000000001,29.550000000000008,Low,0.43,0.0,37.1,0.68,False,0.145
2026-05-21,Jaipur,Tier 2,75.5,12.000000000000028,64.8,50.60000000000001,Medium,0.77,0.0,36.2,0.85,False,0.546
2026-05-21,Jalandhar,Tier 3,85.0,5.0,81.33333333333334,56.083333333333336,Medium,0.85,0.1,35.5,0.93,True,0.674
2026-05-21,Jalgaon,Tier 3,46.00000000000001,1.0000000000000142,34.0,27.250000000000007,Low,0.56,0.0,35.1,0.72,False,0.025
2026-05-21,Jalna,Tier 3,64.99999999999999,0.06,69.06666666666668,43.28766666666667,Medium,0.7,0.0,35.0,0.88,False,0.367
2026-05-21,Jamshedpur,Tier 2,40.0,0.8999999999999999,73.33333333333334,34.64833333333334,Medium,0.5,0.3,33.7,0.9,False,0.126
2026-05-21,Junagadh,Tier 3,50.0,1.7999999999999998,73.33333333333334,38.96333333333334,Medium,0.6,0.6,32.5,0.9,False,0.181
2026-05-21,Kadapa,Tier 3,41.0,7.999999999999971,56.0,33.19999999999999,Medium,0.47,0.2,35.8,0.83,False,0.083
2026-05-21,Kalyan,Tier 3,41.2,1.5,17.400000000000006,21.355,Low,0.43,0.5,34.5,0.57,False,0.066
2026-05-21,Kanpur,Tier 2,47.00000000000001,30.0,44.80000000000001,40.50000000000001,Medium,0.53,0.0,38.0,0.65,False,0.331
2026-05-21,Kanyakumari,Tier 3,34.6,5.04,10.8,18.304000000000002,Low,0.31,1.3,30.3,0.4,False,0.22
2026-05-21,Karimnagar,Tier 3,47.0,20.0,13.400000000000004,29.150000000000002,Low,0.57,0.0,37.0,0.47,False,0.211
2026-05-21,Karnal,Tier 3,37.0,2.0000000000000284,53.99999999999999,29.000000000000007,Low,0.47,0.0,35.2,0.82,False,0.093
2026-05-21,Karur,Tier 3,36.39999999999999,6.0,86.66666666666666,38.32666666666666,Medium,0.41,0.0,33.6,0.95,False,0.226
2026-05-21,Khammam,Tier 3,35.6,15.0,22.6,25.14,Low,0.45,0.0,36.5,0.55,False,0.144
2026-05-21,Kochi,Tier 3,41.0,35.0,24.000000000000004,34.650000000000006,Medium,0.51,3.9,28.9,0.61,False,0.319
2026-05-21,Kolar,Tier 3,78.5,8.459999999999999,17.000000000000007,38.611000000000004,Medium,0.79,1.4,28.3,0.32,False,0.458
2026-05-21,Kolhapur,Tier 3,43.60000000000001,6.0600000000000005,86.66666666666666,41.227666666666664,Medium,0.52,0.2,29.1,0.95,False,0.187
2026-05-21,Kolkata,Tier 1,72.19999999999999,6.959999999999999,50.39999999999999,43.916,Medium,0.67,0.0,32.4,0.77,False,0.425
2026-05-21,Kollam,Tier 3,64.99999999999999,36.349999999999994,24.600000000000005,44.872499999999995,Medium,0.7,5.3,28.7,0.54,False,0.539
2026-05-21,Korba,Tier 3,43.0,7.999999999999971,83.99999999999999,40.999999999999986,Medium,0.53,0.0,35.8,0.94,False,0.253
2026-05-21,Kozhikode,Tier 3,41.0,28.4,38.800000000000004,36.040000000000006,Medium,0.51,5.2,28.9,0.68,False,0.266
2026-05-21,Krishnagiri,Tier 3,47.2,13.560000000000002,16.000000000000007,27.626000000000005,Low,0.45,2.7,31.0,0.56,False,0.145
2026-05-21,Kurnool,Tier 3,45.199999999999996,0.6,44.000000000000014,29.290000000000003,Low,0.47,0.2,34.7,0.77,False,0.058
2026-05-21,Latur,Tier 3,41.800000000000004,0.06,65.33333333333334,33.07433333333334,Medium,0.48,0.0,34.0,0.87,False,0.114
2026-05-21,Lucknow,Tier 2,54.5,21.000000000000014,20.8,34.35000000000001,Medium,0.63,0.0,37.1,0.49,False,0.264
2026-05-21,Ludhiana,Tier 2,36.0,0.0,17.000000000000007,18.650000000000002,Low,0.46,0.0,34.9,0.56,False,0.081
2026-05-21,Madurai,Tier 2,40.2,8.22,9.16,21.247,Low,0.48,0.1,33.5,0.41,False,0.198
2026-05-21,Malegaon,Tier 3,46.8,3.0,11.000000000000002,22.52,Low,0.52,1.0,32.3,0.51,False,0.128
2026-05-21,Mandya,Tier 3,35.599999999999994,9.839999999999998,86.66666666666666,39.35066666666666,Medium,0.41,0.0,28.3,0.95,False,0.246
2026-05-21,Mangalore,Tier 3,46.00000000000001,36.7,76.00000000000001,50.245000000000005,Medium,0.56,4.2,28.8,0.91,False,0.499
2026-05-21,Mathura,Tier 3,37.4,20.0,9.719999999999999,24.39,Low,0.47,0.0,37.0,0.47,False,0.281
2026-05-21,Mau,Tier 3,54.5,3.9999999999999853,51.600000000000016,36.1,Medium,0.63,0.0,35.4,0.73,False,0.153
2026-05-21,Meerut,Tier 2,42.0,11.000000000000014,28.799999999999997,27.850000000000005,Low,0.52,0.0,36.1,0.6,False,0.062
2026-05-21,Mumbai,Tier 1,95.0,0.06,16.000000000000007,42.021,Medium,0.95,0.0,31.7,0.56,True,0.653
2026-05-21,Muzaffarnagar,Tier 3,57.5,2.0000000000000284,8.6,25.85000000000001,Low,0.65,0.0,35.2,0.43,False,0.303
2026-05-21,Muzaffarpur,Tier 3,54.5,6.300000000000001,11.000000000000002,26.755000000000003,Low,0.63,2.1,31.2,0.51,False,0.23
2026-05-21,Mysore,Tier 3,54.5,5.46,70.13333333333331,41.24433333333333,Medium,0.63,0.4,28.2,0.87,False,0.202
2026-05-21,Nagercoil,Tier 3,44.400000000000006,14.339999999999998,86.66666666666666,44.44566666666667,Medium,0.45,2.3,29.1,0.95,False,0.256
2026-05-21,Nagpur,Tier 2,78.5,40.0,73.33333333333334,63.73333333333334,High,0.79,0.0,39.0,0.9,True,0.813
2026-05-21,Namakkal,Tier 3,66.5,5.159999999999999,12.000000000000002,31.406000000000002,Medium,0.71,0.8,33.3,0.52,False,0.344
2026-05-21,Nanded,Tier 3,46.8,20.0,18.0,30.22,Medium,0.51,0.0,37.0,0.58,False,0.199
2026-05-21,Nashik,Tier 2,59.00000000000001,1.02,78.66666666666669,43.62366666666668,Medium,0.66,0.3,29.8,0.92,False,0.371
2026-05-21,Navi Mumbai,Tier 2,57.79999999999998,0.18,64.8,39.382999999999996,Medium,0.57,0.0,32.7,0.78,False,0.266
2026-05-21,Nizamabad,Tier 3,40.800000000000004,16.000000000000014,44.80000000000001,33.12000000000001,Medium,0.43,0.0,36.6,0.63,False,0.168
2026-05-21,Noida,Tier 3,43.400000000000006,21.000000000000014,52.0,37.71000000000001,Medium,0.49,0.0,37.1,0.73,False,0.216
2026-05-21,Osmanabad,Tier 3,42.0,0.3,43.20000000000001,27.705000000000005,Low,0.52,0.1,32.5,0.68,False,0.047
2026-05-21,Panipat,Tier 3,43.0,18.999999999999986,9.199999999999998,26.149999999999995,Low,0.53,0.0,36.9,0.39,False,0.26
2026-05-21,Parbhani,Tier 3,39.79999999999999,17.99999999999997,18.799999999999997,26.919999999999984,Low,0.4,0.0,36.8,0.51,False,0.158
2026-05-21,Patiala,Tier 3,50.0,7.000000000000028,29.2,29.75000000000001,Low,0.6,0.0,35.7,0.69,False,0.097
2026-05-21,Patna,Tier 2,40.0,0.3,13.400000000000004,19.455000000000002,Low,0.5,0.0,33.6,0.51,False,0.072
2026-05-21,Pune,Tier 1,66.5,3.42,65.8666666666667,44.26366666666668,Medium,0.66,1.0,30.8,0.84,False,0.356
2026-05-21,Purnia,Tier 3,49.0,5.3999999999999995,46.000000000000014,32.99000000000001,Medium,0.59,1.8,28.2,0.75,False,0.095
2026-05-21,Raichur,Tier 3,49.0,3.3000000000000003,71.73333333333332,38.68833333333333,Medium,0.59,1.1,34.0,0.88,False,0.144
2026-05-21,Raipur,Tier 2,49.0,26.00000000000001,86.66666666666666,50.36666666666667,Medium,0.59,0.0,37.6,0.95,False,0.434
2026-05-21,Rajkot,Tier 2,22.800000000000004,0.0,43.60000000000001,20.020000000000003,Low,0.3,0.0,33.9,0.61,False,0.296
2026-05-21,Ramanagara,Tier 3,40.0,11.16,18.0,24.406,Low,0.5,0.1,28.1,0.52,False,0.114
2026-05-21,Rampur,Tier 3,47.0,0.0,29.0,26.05,Low,0.57,0.0,33.9,0.69,False,0.028
2026-05-21,Ratlam,Tier 3,45.80000000000001,0.0,13.000000000000004,21.570000000000004,Low,0.43,0.0,32.5,0.53,False,0.067
2026-05-21,Rohtak,Tier 3,45.00000000000001,17.99999999999997,69.06666666666668,41.56666666666666,Medium,0.55,0.0,36.8,0.74,False,0.249
2026-05-21,Rourkela,Tier 3,43.0,6.0,29.2,26.599999999999998,Low,0.53,2.0,34.4,0.58,False,0.038
2026-05-21,Sagar,Tier 3,47.0,11.000000000000014,24.000000000000004,28.650000000000006,Low,0.57,0.0,36.1,0.64,False,0.075
2026-05-21,Salem,Tier 3,68.0,5.64,55.199999999999996,42.974000000000004,Medium,0.72,0.2,32.8,0.74,False,0.346
2026-05-21,Sambalpur,Tier 3,44.0,2.4,19.0,23.19,Low,0.54,0.8,34.6,0.59,False,0.051
2026-05-21,Sangli,Tier 3,36.2,2.0399999999999996,38.400000000000006,24.794000000000004,Low,0.36,0.3,30.5,0.66,False,0.093
2026-05-21,Satara,Tier 3,66.5,1.2599999999999996,13.400000000000004,30.391000000000002,Medium,0.71,0.3,30.7,0.45,False,0.313
2026-05-21,Satna,Tier 3,62.00000000000001,15.0,9.8,32.50000000000001,Medium,0.68,0.0,36.5,0.41,False,0.403
2026-05-21,Shahjahanpur,Tier 3,51.5,0.0,9.64,23.01,Low,0.61,0.0,34.0,0.47,False,0.168
2026-05-21,Shivamogga,Tier 3,45.60000000000001,6.24,15.000000000000005,24.174000000000007,Low,0.41,0.5,28.1,0.55,False,0.097
2026-05-21,Sivakasi,Tier 3,60.50000000000001,4.86,15.000000000000005,29.651000000000003,Low,0.67,0.6,35.1,0.55,False,0.246
2026-05-21,Solapur,Tier 3,46.8,0.48,16.799999999999997,23.087999999999997,Low,0.46,0.1,33.0,0.46,False,0.069
2026-05-21,Sonipat,Tier 3,43.80000000000001,16.000000000000014,86.66666666666666,44.786666666666676,Medium,0.47,0.0,36.6,0.95,False,0.275
2026-05-21,Srinagar,Tier 2,42.0,23.0,37.2,34.150000000000006,Medium,0.52,8.2,17.2,0.65,False,0.206
2026-05-21,Surat,Tier 2,58.400000000000006,0.0,25.000000000000007,29.610000000000007,Low,0.54,0.0,32.2,0.65,False,0.166
2026-05-21,Thane,Tier 2,81.0,0.3,44.80000000000001,43.705,Medium,0.81,0.1,33.4,0.76,False,0.51
2026-05-21,Theni,Tier 3,45.400000000000006,11.700000000000001,30.0,29.755000000000003,Low,0.52,3.9,30.6,0.69,False,0.067
2026-05-21,Thiruvananthapuram,Tier 3,44.0,37.15,21.8,36.0525,Medium,0.46,6.0,28.5,0.59,False,0.364
2026-05-21,Thoothukudi,Tier 3,47.00000000000001,3.3600000000000003,56.0,33.976,Medium,0.5,1.0,32.5,0.83,False,0.078
2026-05-21,Thrissur,Tier 3,48.4,29.049999999999997,56.0,43.527499999999996,Medium,0.51,1.5,28.9,0.83,False,0.319
2026-05-21,Tiruchirappalli,Tier 3,39.0,3.5999999999999996,17.000000000000007,21.11,Low,0.49,0.1,33.1,0.56,False,0.081
2026-05-21,Tirunelveli,Tier 3,44.0,4.86,9.24,21.611,Low,0.54,0.5,33.2,0.43,False,0.148
2026-05-21,Tiruppur,Tier 3,40.0,4.199999999999999,60.0,32.47,Medium,0.5,0.0,31.9,0.85,False,0.091
2026-05-21,Tumakuru,Tier 3,34.400000000000006,6.959999999999999,39.20000000000001,25.996000000000002,Low,0.31,0.0,27.8,0.73,False,0.147
2026-05-21,Tumkur,Tier 3,55.1,6.959999999999999,27.199999999999996,31.276000000000003,Medium,0.57,0.0,27.8,0.57,False,0.156
2026-05-21,Udaipur,Tier 3,48.0,0.0,56.8,33.400000000000006,Medium,0.58,0.0,31.8,0.83,False,0.103
2026-05-21,Vadodara,Tier 2,46.00000000000001,0.0,11.000000000000002,21.150000000000002,Low,0.56,0.0,34.8,0.51,False,0.098
2026-05-21,Varanasi,Tier 2,31.0,30.0,86.66666666666666,44.56666666666666,Medium,0.39,0.0,38.0,0.95,False,0.529
2026-05-21,Vasai,Tier 3,38.400000000000006,0.18,28.00000000000001,22.423000000000005,Low,0.45,0.0,31.6,0.68,False,0.032
2026-05-21,Vijayawada,Tier 2,53.0,30.0,22.0,37.2,Medium,0.62,0.0,38.0,0.53,False,0.332
2026-05-21,Virudhunagar,Tier 3,37.0,11.4,83.99999999999999,39.78999999999999,Medium,0.44,3.8,34.5,0.94,False,0.28
2026-05-21,Visakhapatnam,Tier 2,47.0,3.3000000000000003,35.2,28.755000000000003,Low,0.57,1.1,35.2,0.69,False,0.06
2026-05-21,Warangal,Tier 3,47.0,22.00000000000003,9.16,28.79000000000001,Low,0.57,0.0,37.2,0.34,False,0.32
2026-05-22,Agra,Tier 2,29.000000000000004,20.0,32.0,26.6,Low,0.39,0.0,37.0,0.65,False,0.339
2026-05-22,Ahmedabad,Tier 2,71.0,8.999999999999986,72.88888888888889,49.77222222222222,Medium,0.74,0.0,35.9,0.89,False,0.437
2026-05-22,Ahmednagar,Tier 3,37.0,14.100000000000001,8.633333333333331,21.89333333333333,Low,0.47,4.7,30.9,0.42,False,0.289
2026-05-22,Akola,Tier 3,49.0,27.999999999999968,81.33333333333334,49.73333333333333,Medium,0.59,0.0,37.8,0.93,False,0.454
2026-05-22,Aligarh,Tier 3,53.0,7.999999999999971,65.33333333333334,40.33333333333333,Medium,0.62,0.0,35.8,0.82,False,0.218
2026-05-22,Allahabad,Tier 2,40.0,16.000000000000014,21.0,26.850000000000005,Low,0.5,0.0,36.6,0.61,False,0.112
2026-05-22,Alwar,Tier 3,51.5,8.999999999999986,20.5,28.874999999999996,Low,0.61,0.0,35.9,0.52,False,0.146
2026-05-22,Amravati,Tier 3,42.0,33.999999999999986,40.33333333333333,38.78333333333333,Medium,0.52,0.0,38.4,0.75,False,0.338
2026-05-22,Amritsar,Tier 2,31.0,1.7999999999999998,9.833333333333334,15.488333333333335,Low,0.41,0.6,31.8,0.39,False,0.262
2026-05-22,Anantapur,Tier 3,48.0,0.3499999999999998,19.0,24.0725,Low,0.58,0.1,31.2,0.59,False,0.071
2026-05-22,Arrah,Tier 3,34.0,0.0999999999999999,32.0,21.635,Low,0.32,0.0,33.5,0.71,False,0.098
2026-05-22,Asansol,Tier 3,47.0,6.0,73.33333333333334,39.233333333333334,Medium,0.57,2.0,33.2,0.9,False,0.147
2026-05-22,Aurangabad,Tier 3,36.333333333333336,1.7999999999999998,9.6,17.563333333333333,Low,0.37,0.6,33.6,0.37,False,0.168
2026-05-22,Avadi,Tier 3,54.5,2.45,46.000000000000014,34.157500000000006,Medium,0.63,0.4,34.0,0.78,False,0.164
2026-05-22,Bangalore,Tier 1,81.99999999999999,19.541666666666664,20.0,44.63958333333333,Medium,0.7,1.1,26.0,0.58,True,0.591
2026-05-22,Barasat,Tier 3,48.0,14.650000000000002,19.66666666666667,29.244166666666672,Low,0.58,4.4,32.5,0.55,False,0.137
2026-05-22,Bardhaman,Tier 3,59.00000000000001,64.8,55.000000000000014,60.03,High,0.66,27.4,32.2,0.76,True,0.815
2026-05-22,Bareilly,Tier 3,46.00000000000001,0.0,19.83333333333333,23.358333333333334,Low,0.56,0.0,33.9,0.57,False,0.034
2026-05-22,Bathinda,Tier 3,56.0,5.0,29.5,31.525000000000002,Medium,0.64,0.0,35.5,0.64,False,0.161
2026-05-22,Begusarai,Tier 3,34.16666666666666,1.5999999999999999,13.333333333333332,17.56,Low,0.4,0.0,31.9,0.4,False,0.159
2026-05-22,Belgaum,Tier 3,35.0,8.7,67.55555555555556,33.93388888888889,Medium,0.45,2.9,26.4,0.87,False,0.196
2026-05-22,Bellary,Tier 3,49.0,0.2499999999999999,39.33333333333333,29.520833333333332,Low,0.59,0.0,30.1,0.72,False,0.091
2026-05-22,Bhagalpur,Tier 3,48.50000000000001,2.65,12.000000000000002,23.327500000000004,Low,0.55,0.3,30.9,0.52,False,0.133
2026-05-22,Bharatpur,Tier 3,42.0,13.999999999999984,21.5,27.074999999999996,Low,0.43,0.0,36.4,0.6,False,0.073
2026-05-22,Bhilwara,Tier 3,47.0,0.0,18.166666666666668,23.34166666666667,Low,0.57,0.0,34.1,0.46,False,0.053
2026-05-22,Bhopal,Tier 2,66.5,11.000000000000014,9.8,32.900000000000006,Medium,0.71,0.0,36.1,0.49,False,0.414
2026-05-22,Bhubaneswar,Tier 3,41.66666666666667,5.949999999999999,86.66666666666666,40.41583333333333,Medium,0.43,0.1,32.9,0.95,False,0.183
2026-05-22,Bhusawal,Tier 3,41.0,10.0,31.666666666666682,27.816666666666674,Low,0.51,0.1,36.0,0.66,False,0.058
2026-05-22,Bidar,Tier 3,56.0,2.099999999999999,60.0,38.135000000000005,Medium,0.64,0.5,32.2,0.85,False,0.208
2026-05-22,Bijapur,Tier 3,72.5,10.799999999999999,24.000000000000004,38.78,Medium,0.75,3.6,29.2,0.64,False,0.391
2026-05-22,Bilaspur,Tier 3,42.0,12.000000000000028,9.533333333333333,23.383333333333344,Low,0.52,0.0,36.2,0.45,False,0.169
2026-05-22,Bokaro Steel City,Tier 3,60.50000000000001,0.3,52.000000000000014,37.30500000000001,Medium,0.67,0.1,34.3,0.81,False,0.254
2026-05-22,Chandigarh,Tier 2,49.0,0.8999999999999999,18.5,24.540000000000003,Low,0.59,0.3,33.8,0.46,False,0.065
2026-05-22,Chandrapur,Tier 3,57.5,35.0,16.500000000000007,39.375,Medium,0.65,0.0,38.5,0.47,False,0.48
2026-05-22,Chennai,Tier 1,93.0,3.2499999999999996,8.166666666666668,40.37916666666667,Medium,0.93,0.0,34.1,0.38,True,0.7
2026-05-22,Chikkaballapur,Tier 3,38.33333333333333,4.5,73.33333333333334,35.24166666666667,Medium,0.44,1.5,25.8,0.9,False,0.129
2026-05-22,Chitradurga,Tier 3,45.00000000000001,3.8500000000000005,23.333333333333332,25.180833333333336,Low,0.55,0.0,26.8,0.57,False,0.046
2026-05-22,Coimbatore,Tier 2,42.0,3.3000000000000003,48.000000000000014,29.955000000000005,Low,0.52,1.1,29.2,0.79,False,0.056
2026-05-22,Darbhanga,Tier 3,48.0,3.1000000000000005,40.00000000000001,30.285000000000004,Medium,0.58,0.4,30.2,0.75,False,0.091
2026-05-22,Davangere,Tier 3,43.833333333333336,3.5999999999999996,45.66666666666667,30.210000000000004,Medium,0.43,0.0,27.0,0.68,False,0.06
2026-05-22,Dehradun,Tier 3,56.0,0.6,39.00000000000001,32.36000000000001,Medium,0.64,0.2,29.9,0.66,False,0.172
2026-05-22,Delhi,Tier 1,79.75,20.0,78.2222222222222,58.455555555555556,Medium,0.79,0.0,37.0,0.86,True,0.666
2026-05-22,Dewas,Tier 3,41.0,0.0,86.66666666666666,38.06666666666666,Medium,0.51,0.0,35.0,0.95,False,0.196
2026-05-22,Dhanbad,Tier 3,36.83333333333333,0.44999999999999996,16.66666666666668,19.057500000000005,Low,0.44,0.0,33.9,0.52,False,0.072
2026-05-22,Dharmapuri,Tier 3,48.0,9.3,65.33333333333334,38.78833333333334,Medium,0.58,3.1,30.8,0.77,False,0.176
2026-05-22,Dhule,Tier 3,44.0,0.3,22.0,23.205000000000002,Low,0.54,0.1,34.4,0.62,False,0.03
2026-05-22,Dindigul,Tier 3,77.0,7.15,21.16666666666667,38.594166666666666,Medium,0.78,0.7,32.9,0.57,False,0.404
2026-05-22,Durg,Tier 3,48.0,25.0,9.0,30.200000000000003,Medium,0.58,0.0,37.5,0.45,False,0.379
2026-05-22,Eluru,Tier 3,37.83333333333333,10.0,25.16666666666668,24.925000000000004,Low,0.44,0.0,36.0,0.62,False,0.065
2026-05-22,Erode,Tier 3,37.0,3.75,59.00000000000002,30.862500000000004,Medium,0.47,0.7,33.5,0.76,False,0.107
2026-05-22,Etawah,Tier 3,34.0,12.000000000000028,29.0,25.05000000000001,Low,0.39,0.0,36.2,0.69,False,0.135
2026-05-22,Faridabad,Tier 2,54.5,21.000000000000014,37.00000000000001,38.400000000000006,Medium,0.63,0.0,37.1,0.65,False,0.286
2026-05-22,Farrukhabad,Tier 3,46.500000000000014,7.000000000000028,70.66666666666667,38.71666666666668,Medium,0.44,0.0,35.7,0.89,False,0.134
2026-05-22,Gandhinagar,Tier 3,31.166666666666664,2.9999999999999716,9.8,15.966666666666658,Low,0.39,0.0,35.3,0.49,False,0.263
2026-05-22,Ghaziabad,Tier 2,39.499999999999986,17.99999999999997,73.33333333333334,40.43333333333332,Medium,0.49,0.0,36.8,0.9,False,0.262
2026-05-22,Gorakhpur,Tier 3,43.666666666666664,0.0,16.000000000000007,21.46666666666667,Low,0.52,0.0,33.0,0.53,False,0.048
2026-05-22,Greater Noida,Tier 3,43.0,12.000000000000028,57.66666666666668,35.81666666666668,Medium,0.5,0.0,36.2,0.79,False,0.151
2026-05-22,Gulbarga,Tier 3,49.0,4.8999999999999995,56.0,35.315,Medium,0.59,0.7,31.4,0.83,False,0.091
2026-05-22,Gurgaon,Tier 3,43.0,7.999999999999971,26.333333333333336,26.58333333333332,Low,0.53,0.0,35.8,0.65,False,0.057
2026-05-22,Guwahati,Tier 3,41.66666666666667,29.5,9.266666666666666,29.308333333333334,Low,0.38,10.8,28.4,0.41,False,0.387
2026-05-22,Gwalior,Tier 3,41.0,16.000000000000014,60.0,37.00000000000001,Medium,0.5,0.0,36.6,0.85,False,0.211
2026-05-22,Hapur,Tier 3,48.66666666666667,3.9999999999999853,83.99999999999999,41.86666666666666,Medium,0.46,0.0,35.4,0.94,False,0.277
2026-05-22,Hassan,Tier 3,42.5,16.0,43.000000000000014,33.35000000000001,Medium,0.43,5.4,25.4,0.72,False,0.153
2026-05-22,Hospet,Tier 3,60.50000000000001,0.8500000000000002,34.0,32.9975,Medium,0.67,0.1,28.6,0.72,False,0.205
2026-05-22,Hosur,Tier 3,49.0,5.3999999999999995,48.33333333333333,33.57333333333334,Medium,0.59,0.7,26.6,0.72,False,0.1
2026-05-22,Hubli,Tier 3,43.0,5.55,80.88888888888886,39.36472222222221,Medium,0.53,1.3,27.2,0.87,False,0.221
2026-05-22,Hyderabad,Tier 1,51.5,0.8999999999999999,9.633333333333333,23.323333333333338,Low,0.59,0.2,33.0,0.44,False,0.18
2026-05-22,Ichalkaranji,Tier 3,42.0,17.5,40.00000000000001,32.925000000000004,Medium,0.52,6.0,29.4,0.75,False,0.16
2026-05-22,Imphal,Tier 3,42.0,8.399999999999999,50.000000000000014,32.24000000000001,Medium,0.52,2.8,26.4,0.8,False,0.086
2026-05-22,Indore,Tier 2,56.0,0.0,29.66666666666667,29.81666666666667,Low,0.64,0.0,34.5,0.61,False,0.126
2026-05-22,Jabalpur,Tier 3,38.0,13.999999999999984,29.0,27.349999999999994,Low,0.48,0.0,36.4,0.69,False,0.086
2026-05-22,Jaipur,Tier 2,56.0,6.000000000000014,81.33333333333334,44.83333333333334,Medium,0.64,0.0,35.6,0.93,False,0.331
2026-05-22,Jalandhar,Tier 3,41.66666666666667,0.0499999999999998,43.66666666666669,27.60083333333334,Low,0.36,0.0,33.2,0.68,False,0.06
2026-05-22,Jalgaon,Tier 3,64.99999999999999,5.0,31.666666666666682,35.666666666666664,Medium,0.7,0.0,35.5,0.68,False,0.273
2026-05-22,Jalna,Tier 3,40.83333333333333,3.3000000000000003,68.44444444444446,34.599444444444444,Medium,0.42,1.1,34.2,0.87,False,0.108
2026-05-22,Jamshedpur,Tier 2,35.166666666666664,0.3999999999999999,60.44444444444446,29.31777777777778,Low,0.39,0.0,34.3,0.82,False,0.133
2026-05-22,Junagadh,Tier 3,38.16666666666667,0.2999999999999997,63.55555555555555,31.260555555555555,Medium,0.33,0.0,32.4,0.81,False,0.116
2026-05-22,Kadapa,Tier 3,50.0,1.7999999999999998,43.000000000000014,31.380000000000003,Medium,0.6,0.6,33.1,0.68,False,0.108
2026-05-22,Kalyan,Tier 3,45.00000000000001,4.8,40.00000000000001,29.680000000000007,Low,0.55,1.6,33.3,0.75,False,0.079
2026-05-22,Kanpur,Tier 2,60.50000000000001,25.0,42.33333333333335,43.53333333333334,Medium,0.67,0.0,37.5,0.7,False,0.439
2026-05-22,Kanyakumari,Tier 3,41.0,4.5,10.33333333333333,20.558333333333334,Low,0.51,0.6,29.1,0.48,False,0.116
2026-05-22,Karimnagar,Tier 3,41.99999999999999,16.000000000000014,28.00000000000001,29.400000000000006,Low,0.48,0.0,36.6,0.68,False,0.102
2026-05-22,Karnal,Tier 3,64.99999999999999,2.9999999999999716,65.33333333333334,43.383333333333326,Medium,0.7,0.0,35.3,0.87,False,0.336
2026-05-22,Karur,Tier 3,38.0,5.000000000000001,65.33333333333334,33.28333333333334,Medium,0.48,0.0,33.1,0.87,False,0.118
2026-05-22,Khammam,Tier 3,35.166666666666664,8.999999999999986,28.00000000000001,24.216666666666665,Low,0.43,0.0,35.9,0.68,False,0.092
2026-05-22,Kochi,Tier 3,48.0,38.25,23.500000000000004,38.462500000000006,Medium,0.58,14.3,27.5,0.61,False,0.388
2026-05-22,Kolar,Tier 3,78.5,8.05,15.000000000000005,37.9675,Medium,0.79,2.0,26.9,0.45,False,0.458
2026-05-22,Kolhapur,Tier 3,43.166666666666664,5.949999999999999,86.66666666666666,41.01583333333333,Medium,0.51,1.8,28.9,0.95,False,0.186
2026-05-22,Kolkata,Tier 1,68.75,24.75,65.33333333333334,52.49583333333334,Medium,0.61,8.9,32.3,0.87,True,0.573
2026-05-22,Kollam,Tier 3,44.833333333333336,70.96000000000001,23.666666666666664,48.686,Medium,0.43,31.6,26.1,0.59,True,0.783
2026-05-22,Korba,Tier 3,39.0,1.0000000000000142,82.66666666666669,36.616666666666674,Medium,0.49,0.0,35.1,0.93,False,0.234
2026-05-22,Kozhikode,Tier 3,37.83333333333333,27.083333333333336,38.33333333333334,34.19583333333333,Medium,0.47,7.2,27.7,0.73,False,0.241
2026-05-22,Krishnagiri,Tier 3,46.333333333333336,12.55,11.833333333333332,25.88416666666667,Low,0.52,2.5,29.7,0.4,False,0.152
2026-05-22,Kurnool,Tier 3,47.0,0.3499999999999998,56.0,32.9225,Medium,0.57,0.0,32.5,0.83,False,0.089
2026-05-22,Latur,Tier 3,41.16666666666667,0.6,49.33333333333336,29.01000000000001,Low,0.48,0.2,33.4,0.74,False,0.05
2026-05-22,Lucknow,Tier 2,69.5,5.0,18.5,34.175,Medium,0.73,0.0,35.5,0.47,False,0.329
2026-05-22,Ludhiana,Tier 2,57.5,0.3,19.0,27.855,Low,0.65,0.1,33.2,0.59,False,0.173
2026-05-22,Madurai,Tier 2,49.0,6.949999999999999,14.000000000000004,25.532500000000002,Low,0.59,0.2,33.8,0.54,False,0.123
2026-05-22,Malegaon,Tier 3,46.333333333333336,2.0999999999999996,36.00000000000001,28.268333333333338,Low,0.54,0.7,34.2,0.73,False,0.056
2026-05-22,Mandya,Tier 3,34.83333333333333,9.45,71.55555555555553,35.12972222222221,Medium,0.41,2.5,27.6,0.84,False,0.206
2026-05-22,Mangalore,Tier 3,42.0,42.2,58.33333333333334,46.153333333333336,Medium,0.52,16.1,27.4,0.84,False,0.457
2026-05-22,Mathura,Tier 3,42.0,20.0,9.5,26.175,Low,0.52,0.0,37.0,0.42,False,0.259
2026-05-22,Mau,Tier 3,60.50000000000001,0.0,49.66666666666667,36.616666666666674,Medium,0.67,0.0,33.6,0.75,False,0.239
2026-05-22,Meerut,Tier 2,36.5,7.999999999999971,24.166666666666675,23.44166666666666,Low,0.33,0.0,35.8,0.41,False,0.093
2026-05-22,Mumbai,Tier 1,86.16666666666667,5.7,9.233333333333333,38.769999999999996,Medium,0.83,1.9,31.5,0.4,True,0.632
2026-05-22,Muzaffarnagar,Tier 3,49.0,0.0,8.533333333333333,21.733333333333334,Low,0.59,0.0,34.9,0.41,False,0.2
2026-05-22,Muzaffarpur,Tier 3,56.0,2.4,9.233333333333333,25.548333333333336,Low,0.64,0.8,30.9,0.46,False,0.269
2026-05-22,Mysore,Tier 3,44.0,5.7,68.44444444444446,36.70611111111111,Medium,0.54,1.9,27.5,0.85,False,0.113
2026-05-22,Nagercoil,Tier 3,42.333333333333336,12.85,86.66666666666666,43.0975,Medium,0.42,1.8,28.1,0.95,False,0.227
2026-05-22,Nagpur,Tier 2,54.5,38.999999999999986,56.00000000000002,49.45,Medium,0.63,0.0,38.9,0.77,False,0.524
2026-05-22,Namakkal,Tier 3,42.166666666666664,4.85,10.0,21.064166666666665,Low,0.46,1.1,33.1,0.49,False,0.129
2026-05-22,Nanded,Tier 3,45.666666666666664,21.000000000000014,11.16666666666666,28.408333333333335,Low,0.5,0.0,37.1,0.45,False,0.246
2026-05-22,Nashik,Tier 2,41.0,3.5999999999999996,69.7777777777778,35.104444444444454,Medium,0.51,1.2,30.9,0.85,False,0.106
2026-05-22,Navi Mumbai,Tier 2,55.75,12.299999999999999,86.66666666666666,48.27166666666666,Medium,0.57,4.1,31.6,0.95,False,0.375
2026-05-22,Nizamabad,Tier 3,40.16666666666666,17.99999999999997,42.66666666666667,33.03333333333332,Medium,0.47,0.0,36.8,0.71,False,0.179
2026-05-22,Noida,Tier 3,40.16666666666666,16.000000000000014,49.33333333333336,34.00000000000001,Medium,0.34,0.0,36.6,0.73,False,0.172
2026-05-22,Osmanabad,Tier 3,50.0,1.7999999999999998,41.00000000000001,30.880000000000003,Medium,0.6,0.6,30.8,0.7,False,0.109
2026-05-22,Panipat,Tier 3,45.00000000000001,12.000000000000028,8.966666666666667,24.44166666666668,Low,0.55,0.0,36.2,0.39,False,0.202
2026-05-22,Parbhani,Tier 3,51.5,22.00000000000003,18.66666666666667,32.96666666666668,Medium,0.61,0.2,37.2,0.58,False,0.268
2026-05-22,Patiala,Tier 3,63.49999999999999,0.0,28.83333333333334,32.608333333333334,Medium,0.69,0.0,34.6,0.67,False,0.249
2026-05-22,Patna,Tier 2,54.5,0.2499999999999999,23.000000000000004,27.6375,Low,0.63,0.0,33.0,0.63,False,0.143
2026-05-22,Pune,Tier 1,64.75,10.2,61.77777777777776,44.91444444444444,Medium,0.64,3.4,30.9,0.78,False,0.389
2026-05-22,Purnia,Tier 3,44.666666666666664,7.800000000000001,43.000000000000014,31.34666666666667,Medium,0.34,2.6,29.2,0.69,False,0.088
2026-05-22,Raichur,Tier 3,50.0,0.8999999999999999,81.33333333333334,40.64833333333334,Medium,0.6,0.0,32.1,0.93,False,0.29
2026-05-22,Raipur,Tier 2,63.49999999999999,25.0,86.66666666666666,55.81666666666666,Medium,0.69,0.0,37.5,0.95,True,0.594
2026-05-22,Rajkot,Tier 2,46.00000000000001,0.0,40.66666666666667,28.56666666666667,Low,0.56,0.0,34.0,0.68,False,0.058
2026-05-22,Ramanagara,Tier 3,38.33333333333333,29.25,16.999999999999996,29.820833333333333,Low,0.42,10.7,26.3,0.52,False,0.316
2026-05-22,Rampur,Tier 3,42.0,0.0,21.66666666666667,22.21666666666667,Low,0.52,0.0,34.1,0.42,False,0.01
2026-05-22,Ratlam,Tier 3,45.16666666666667,0.0,15.000000000000005,21.81666666666667,Low,0.52,0.0,33.3,0.55,False,0.05
2026-05-22,Rohtak,Tier 3,54.5,7.000000000000028,67.55555555555556,41.1388888888889,Medium,0.63,0.0,35.7,0.85,False,0.229
2026-05-22,Rourkela,Tier 3,81.0,5.0,26.83333333333334,40.858333333333334,Medium,0.81,0.0,35.5,0.55,False,0.466
2026-05-22,Sagar,Tier 3,46.00000000000001,3.9999999999999853,34.0,28.299999999999997,Low,0.56,0.0,35.4,0.72,False,0.044
2026-05-22,Salem,Tier 3,44.333333333333336,5.450000000000001,53.0,32.89083333333333,Medium,0.49,1.5,32.6,0.76,False,0.066
2026-05-22,Sambalpur,Tier 3,40.33333333333333,0.4999999999999998,19.0,21.058333333333334,Low,0.39,0.0,34.4,0.59,False,0.047
2026-05-22,Sangli,Tier 3,36.166666666666664,12.299999999999999,36.33333333333337,27.85500000000001,Low,0.46,4.1,29.9,0.68,False,0.136
2026-05-22,Satara,Tier 3,50.25000000000001,13.5,11.000000000000002,27.575000000000003,Low,0.53,4.5,29.9,0.39,False,0.221
2026-05-22,Satna,Tier 3,45.16666666666667,10.0,10.0,24.06666666666667,Low,0.48,0.0,36.0,0.5,False,0.158
2026-05-22,Shahjahanpur,Tier 3,43.0,0.0,9.433333333333334,19.558333333333334,Low,0.5,0.0,33.7,0.42,False,0.106
2026-05-22,Shivamogga,Tier 3,43.833333333333336,5.2,10.166666666666671,21.895000000000003,Low,0.45,0.0,26.2,0.44,False,0.13
2026-05-22,Sivakasi,Tier 3,43.0,4.299999999999999,16.999999999999996,22.955,Low,0.52,0.5,34.5,0.57,False,0.067
2026-05-22,Solapur,Tier 3,47.0,5.1,16.333333333333336,24.668333333333337,Low,0.57,1.7,31.3,0.54,False,0.086
2026-05-22,Sonipat,Tier 3,49.0,5.0,69.7777777777778,38.79444444444445,Medium,0.59,0.0,35.5,0.83,False,0.149
2026-05-22,Srinagar,Tier 2,37.0,35.5,35.666666666666686,36.14166666666667,Medium,0.47,13.2,17.2,0.69,False,0.364
2026-05-22,Surat,Tier 2,55.000000000000014,0.0,50.000000000000014,34.500000000000014,Medium,0.52,0.0,32.3,0.8,False,0.154
2026-05-22,Thane,Tier 2,55.49999999999999,12.600000000000001,43.66666666666669,37.52666666666667,Medium,0.61,4.2,32.4,0.74,False,0.261
2026-05-22,Theni,Tier 3,44.99999999999999,5.3,29.66666666666667,27.271666666666665,Low,0.53,0.0,32.0,0.68,False,0.051
2026-05-22,Thiruvananthapuram,Tier 3,43.666666666666664,52.0,29.0,42.916666666666664,Medium,0.52,21.0,26.4,0.69,True,0.566
2026-05-22,Thoothukudi,Tier 3,46.0,2.9000000000000004,56.0,33.415000000000006,Medium,0.51,0.2,32.1,0.83,False,0.07
2026-05-22,Thrissur,Tier 3,51.5,38.75,53.0,47.4125,Medium,0.61,14.5,27.3,0.79,False,0.476
2026-05-22,Tiruchirappalli,Tier 3,68.0,3.0,24.000000000000004,34.25000000000001,Medium,0.72,0.0,33.1,0.64,False,0.301
2026-05-22,Tirunelveli,Tier 3,51.5,5.7,18.0,27.095000000000002,Low,0.61,1.9,32.8,0.58,False,0.141
2026-05-22,Tiruppur,Tier 3,35.666666666666664,4.050000000000001,50.66666666666667,28.350833333333334,Low,0.45,1.1,31.1,0.76,False,0.102
2026-05-22,Tumakuru,Tier 3,46.00000000000001,6.300000000000001,37.33333333333334,29.93833333333334,Low,0.56,1.0,26.2,0.69,False,0.073
2026-05-22,Tumkur,Tier 3,52.50000000000001,6.300000000000001,25.16666666666668,29.496666666666677,Low,0.53,1.0,26.2,0.55,False,0.133
2026-05-22,Udaipur,Tier 3,38.16666666666667,0.0,86.66666666666666,36.93333333333334,Medium,0.44,0.0,33.0,0.95,False,0.216
2026-05-22,Vadodara,Tier 2,39.5,3.9999999999999853,9.333333333333332,19.533333333333328,Low,0.45,0.0,35.4,0.39,False,0.168
2026-05-22,Varanasi,Tier 2,33.0,12.000000000000028,73.33333333333334,35.73333333333335,Medium,0.43,0.0,36.2,0.9,False,0.279
2026-05-22,Vasai,Tier 3,48.0,2.0999999999999996,34.0,28.435000000000002,Low,0.58,0.7,31.5,0.72,False,0.06
2026-05-22,Vijayawada,Tier 2,50.25000000000001,20.0,20.83333333333333,32.30833333333334,Medium,0.58,0.3,37.0,0.55,False,0.199
2026-05-22,Virudhunagar,Tier 3,36.5,4.299999999999999,50.66666666666667,28.77166666666667,Low,0.44,0.3,34.0,0.68,False,0.088
2026-05-22,Visakhapatnam,Tier 2,39.83333333333333,0.7999999999999998,32.0,24.21333333333333,Low,0.47,0.1,34.0,0.63,False,0.02
2026-05-22,Warangal,Tier 3,45.50000000000001,17.99999999999997,8.866666666666665,26.716666666666658,Low,0.54,0.0,36.8,0.37,False,0.268
2026-05-23,Agra,Tier 2,25.428571428571423,15.0,73.33333333333334,33.75476190476191,Medium,0.26,0.0,36.5,0.9,False,0.501
2026-05-23,Ahmedabad,Tier 2,58.357142857142854,8.999999999999986,86.66666666666666,48.159523809523805,Medium,0.6,0.0,35.9,0.95,False,0.381
2026-05-23,Ahmednagar,Tier 3,35.0,7.800000000000001,9.0,18.98,Low,0.42,2.6,30.6,0.45,False,0.249
2026-05-23,Akola,Tier 3,54.5,10.0,71.04761904761907,43.06190476190477,Medium,0.63,0.0,36.0,0.88,False,0.252
2026-05-23,Aligarh,Tier 3,44.0,2.0000000000000284,76.00000000000001,37.30000000000001,Medium,0.5,0.0,35.2,0.91,False,0.154
2026-05-23,Allahabad,Tier 2,40.0,20.0,42.00000000000001,33.5,Medium,0.5,0.0,37.0,0.76,False,0.188
2026-05-23,Alwar,Tier 3,51.5,0.0,20.428571428571434,25.70714285714286,Low,0.61,0.0,35.0,0.6,False,0.083
2026-05-23,Amravati,Tier 3,39.0,21.000000000000014,76.00000000000001,41.95000000000001,Medium,0.49,0.0,37.1,0.91,False,0.31
2026-05-23,Amritsar,Tier 2,34.0,0.3,9.514285714285714,16.08357142857143,Low,0.44,0.1,32.2,0.38,False,0.212
2026-05-23,Anantapur,Tier 3,33.85714285714285,19.75,20.0,25.45535714285714,Low,0.4,6.9,31.2,0.6,False,0.247
2026-05-23,Arrah,Tier 3,45.00000000000001,0.0857142857142855,46.000000000000014,29.53000000000001,Low,0.55,0.0,34.4,0.78,False,0.069
2026-05-23,Asansol,Tier 3,39.28571428571429,1.157142857142857,52.000000000000014,29.11928571428572,Low,0.45,0.1,34.2,0.81,False,0.077
2026-05-23,Aurangabad,Tier 3,35.85714285714286,0.8999999999999999,15.000000000000005,18.407857142857146,Low,0.43,0.3,32.5,0.55,False,0.09
2026-05-23,Avadi,Tier 3,41.85714285714286,2.185714285714286,44.000000000000014,28.507857142857148,Low,0.45,0.2,32.1,0.77,False,0.058
2026-05-23,Bangalore,Tier 1,80.71428571428571,19.75,25.000000000000007,45.448214285714286,Medium,0.73,6.9,24.3,0.65,True,0.552
2026-05-23,Barasat,Tier 3,39.28571428571429,13.02857142857143,29.0,27.524285714285718,Low,0.39,1.1,30.9,0.69,False,0.076
2026-05-23,Bardhaman,Tier 3,43.0,29.0,58.0,41.849999999999994,Medium,0.41,10.6,33.0,0.84,False,0.311
2026-05-23,Bareilly,Tier 3,40.28571428571429,0.3,23.000000000000004,21.969285714285718,Low,0.4,0.1,33.8,0.63,False,0.022
2026-05-23,Bathinda,Tier 3,42.0,3.9999999999999853,29.00000000000001,25.45,Low,0.52,0.5,35.4,0.66,False,0.035
2026-05-23,Begusarai,Tier 3,37.0,1.3714285714285717,16.000000000000007,19.28,Low,0.47,0.0,33.0,0.56,False,0.087
2026-05-23,Belgaum,Tier 3,32.14285714285714,17.75,78.66666666666669,38.736309523809524,Medium,0.42,6.1,26.7,0.92,False,0.386
2026-05-23,Bellary,Tier 3,39.57142857142856,8.399999999999999,36.85714285714285,27.98285714285714,Low,0.38,2.8,30.4,0.66,False,0.077
2026-05-23,Bhagalpur,Tier 3,46.57142857142857,2.2714285714285714,8.314285714285713,21.502142857142857,Low,0.45,0.0,32.4,0.41,False,0.204
2026-05-23,Bharatpur,Tier 3,40.85714285714286,10.0,32.0,27.842857142857145,Low,0.44,0.0,36.0,0.71,False,0.07
2026-05-23,Bhilwara,Tier 3,40.0,0.0,18.000000000000007,20.5,Low,0.5,0.0,34.8,0.57,False,0.043
2026-05-23,Bhopal,Tier 2,44.14285714285715,15.0,12.000000000000002,25.907142857142862,Low,0.43,0.0,36.5,0.52,False,0.161
2026-05-23,Bhubaneswar,Tier 3,49.0,9.0,86.66666666666666,44.416666666666664,Medium,0.59,3.0,33.0,0.95,False,0.269
2026-05-23,Bhusawal,Tier 3,40.0,0.6,65.33333333333334,32.54333333333334,Medium,0.46,0.2,35.0,0.87,False,0.108
2026-05-23,Bidar,Tier 3,46.00000000000001,3.5999999999999996,65.33333333333334,35.99333333333334,Medium,0.56,1.2,31.8,0.87,False,0.109
2026-05-23,Bijapur,Tier 3,50.0,6.0,16.142857142857153,26.13571428571429,Low,0.6,2.0,29.5,0.56,False,0.124
2026-05-23,Bilaspur,Tier 3,38.42857142857143,13.999999999999984,28.00000000000001,27.271428571428572,Low,0.44,0.0,36.4,0.68,False,0.084
2026-05-23,Bokaro Steel City,Tier 3,47.71428571428572,0.1714285714285713,32.0,27.145714285714288,Low,0.46,0.0,34.7,0.71,False,0.044
2026-05-23,Chandigarh,Tier 2,45.00000000000001,0.1285714285714284,56.0,32.045,Medium,0.55,0.0,32.4,0.83,False,0.081
2026-05-23,Chandrapur,Tier 3,47.71428571428572,43.999999999999986,32.0,42.48571428571428,Medium,0.52,0.0,39.4,0.71,False,0.498
2026-05-23,Chennai,Tier 1,68.42857142857144,2.7857142857142856,14.000000000000004,31.846428571428582,Medium,0.65,0.0,33.5,0.54,False,0.324
2026-05-23,Chikkaballapur,Tier 3,46.00000000000001,19.0,86.66666666666666,46.71666666666667,Medium,0.56,6.6,25.2,0.95,False,0.319
2026-05-23,Chitradurga,Tier 3,40.57142857142857,4.8,22.714285714285715,23.587142857142858,Low,0.45,1.6,27.0,0.59,False,0.04
2026-05-23,Coimbatore,Tier 2,36.28571428571429,9.6,40.00000000000001,27.87428571428572,Low,0.4,3.2,28.5,0.75,False,0.132
2026-05-23,Darbhanga,Tier 3,41.0,2.6571428571428575,22.714285714285722,23.008571428571432,Low,0.51,0.0,31.9,0.56,False,0.024
2026-05-23,Davangere,Tier 3,41.714285714285715,4.199999999999999,48.000000000000014,30.15571428571429,Medium,0.39,1.4,27.5,0.79,False,0.057
2026-05-23,Dehradun,Tier 3,43.285714285714285,0.0857142857142855,38.857142857142875,27.058571428571433,Low,0.35,0.0,28.5,0.74,False,0.061
2026-05-23,Delhi,Tier 1,86.0,13.999999999999984,86.66666666666666,60.966666666666654,High,0.86,0.0,36.4,0.95,True,0.702
2026-05-23,Dewas,Tier 3,38.0,0.0,51.71428571428572,28.128571428571433,Low,0.48,0.0,34.1,0.77,False,0.07
2026-05-23,Dhanbad,Tier 3,43.0,2.9999999999999716,16.999999999999996,22.49999999999999,Low,0.53,0.0,35.3,0.57,False,0.066
2026-05-23,Dharmapuri,Tier 3,39.14285714285714,7.114285714285715,86.66666666666666,39.813809523809525,Medium,0.37,0.8,29.0,0.95,False,0.191
2026-05-23,Dhule,Tier 3,42.0,2.6999999999999997,24.000000000000004,23.745,Low,0.52,0.9,33.2,0.64,False,0.026
2026-05-23,Dindigul,Tier 3,45.57142857142857,6.942857142857142,36.00000000000001,29.658571428571427,Low,0.38,1.9,32.2,0.73,False,0.07
2026-05-23,Durg,Tier 3,41.85714285714286,18.999999999999986,8.857142857142858,25.607142857142854,Low,0.4,0.0,36.9,0.44,False,0.28
2026-05-23,Eluru,Tier 3,37.71428571428571,2.0000000000000284,32.0,23.785714285714292,Low,0.47,0.0,35.2,0.71,False,0.044
2026-05-23,Erode,Tier 3,36.57142857142857,11.1,81.33333333333334,38.84690476190477,Medium,0.45,3.7,31.4,0.93,False,0.278
2026-05-23,Etawah,Tier 3,33.71428571428571,5.0,42.00000000000001,25.735714285714288,Low,0.42,0.0,35.5,0.76,False,0.151
2026-05-23,Faridabad,Tier 2,32.0,15.0,76.00000000000001,37.050000000000004,Medium,0.3,0.0,36.5,0.91,False,0.348
2026-05-23,Farrukhabad,Tier 3,44.57142857142857,0.0,73.33333333333334,36.161904761904765,Medium,0.43,0.0,35.0,0.9,False,0.144
2026-05-23,Gandhinagar,Tier 3,30.57142857142857,1.0000000000000142,10.0,15.078571428571433,Low,0.37,0.0,35.1,0.5,False,0.259
2026-05-23,Ghaziabad,Tier 2,37.142857142857146,1.0000000000000142,86.66666666666666,36.87380952380953,Medium,0.33,0.0,35.1,0.95,False,0.228
2026-05-23,Gorakhpur,Tier 3,42.57142857142857,0.0,25.000000000000007,23.278571428571432,Low,0.46,0.0,34.0,0.65,False,0.013
2026-05-23,Greater Noida,Tier 3,40.85714285714286,1.0000000000000142,57.142857142857125,30.97857142857143,Medium,0.38,0.0,35.1,0.82,False,0.073
2026-05-23,Gulbarga,Tier 3,36.42857142857143,4.757142857142857,86.66666666666666,37.90309523809523,Medium,0.39,1.3,32.6,0.95,False,0.229
2026-05-23,Gurgaon,Tier 3,36.28571428571429,0.0,34.0,23.01428571428572,Low,0.45,0.0,35.0,0.72,False,0.041
2026-05-23,Guwahati,Tier 3,40.85714285714286,25.25,23.000000000000004,30.930357142857144,Medium,0.46,6.4,26.0,0.63,False,0.187
2026-05-23,Gwalior,Tier 3,40.714285714285715,22.00000000000003,47.42857142857144,35.842857142857156,Medium,0.49,0.0,37.2,0.71,False,0.234
2026-05-23,Hapur,Tier 3,47.428571428571445,2.0999999999999996,86.66666666666666,41.373095238095246,Medium,0.5,0.7,34.0,0.95,False,0.248
2026-05-23,Hassan,Tier 3,64.99999999999999,13.200000000000001,53.99999999999999,44.12,Medium,0.7,4.4,24.9,0.82,False,0.384
2026-05-23,Hospet,Tier 3,38.14285714285714,7.199999999999999,22.0,23.277142857142856,Low,0.46,2.4,28.3,0.62,False,0.066
2026-05-23,Hosur,Tier 3,39.14285714285714,6.300000000000001,86.66666666666666,39.52880952380952,Medium,0.4,2.1,24.8,0.95,False,0.195
2026-05-23,Hubli,Tier 3,40.85714285714286,10.799999999999999,86.66666666666666,41.78952380952381,Medium,0.46,3.6,27.5,0.95,False,0.212
2026-05-23,Hyderabad,Tier 1,87.0,2.4,12.000000000000002,38.64000000000001,Medium,0.87,0.8,32.6,0.52,True,0.601
2026-05-23,Ichalkaranji,Tier 3,38.85714285714285,10.5,21.142857142857146,24.503571428571426,Low,0.4,3.5,29.1,0.58,False,0.074
2026-05-23,Imphal,Tier 3,37.57142857142857,12.0,29.428571428571434,26.585714285714285,Low,0.42,4.0,24.9,0.69,False,0.081
2026-05-23,Indore,Tier 2,48.42857142857143,0.0,38.00000000000001,28.871428571428574,Low,0.45,0.0,33.6,0.74,False,0.059
2026-05-23,Jabalpur,Tier 3,43.0,16.000000000000014,32.0,30.800000000000004,Medium,0.53,0.0,36.6,0.71,False,0.125
2026-05-23,Jaipur,Tier 2,48.57142857142857,12.000000000000028,86.66666666666666,45.295238095238105,Medium,0.58,0.0,36.2,0.95,False,0.282
2026-05-23,Jalandhar,Tier 3,41.28571428571428,0.3,68.0,33.61928571428571,Medium,0.49,0.1,33.8,0.88,False,0.114
2026-05-23,Jalgaon,Tier 3,43.57142857142857,0.6428571428571426,52.000000000000014,30.653571428571432,Medium,0.41,0.2,34.8,0.81,False,0.064
2026-05-23,Jalna,Tier 3,47.0,0.6,66.0952380952381,35.53380952380952,Medium,0.57,0.2,33.6,0.82,False,0.14
2026-05-23,Jamshedpur,Tier 2,45.00000000000001,2.0999999999999996,86.66666666666666,40.40166666666667,Medium,0.55,0.7,34.7,0.95,False,0.211
2026-05-23,Junagadh,Tier 3,41.0,0.2571428571428571,68.0,33.49,Medium,0.51,0.0,33.2,0.88,False,0.116
2026-05-23,Kadapa,Tier 3,40.42857142857144,2.6999999999999997,53.99999999999999,30.61642857142857,Medium,0.38,0.9,33.0,0.82,False,0.074
2026-05-23,Kalyan,Tier 3,41.142857142857146,6.0,26.000000000000007,25.057142857142857,Low,0.47,2.0,32.8,0.66,False,0.031
2026-05-23,Kanpur,Tier 2,48.28571428571429,22.00000000000003,44.000000000000014,38.014285714285734,Medium,0.56,0.0,37.2,0.77,False,0.254
2026-05-23,Kanyakumari,Tier 3,39.0,4.114285714285715,15.000000000000005,20.790000000000003,Low,0.49,0.6,30.4,0.55,False,0.078
2026-05-23,Karimnagar,Tier 3,49.0,17.99999999999997,21.0,31.14999999999999,Medium,0.59,0.0,36.8,0.61,False,0.162
2026-05-23,Karnal,Tier 3,39.857142857142854,0.0,60.0,30.942857142857143,Medium,0.48,0.0,34.5,0.85,False,0.08
2026-05-23,Karur,Tier 3,36.14285714285714,4.757142857142857,73.33333333333334,34.45547619047619,Medium,0.43,1.1,32.0,0.9,False,0.158
2026-05-23,Khammam,Tier 3,34.28571428571429,8.999999999999986,27.000000000000007,23.614285714285714,Low,0.39,0.1,35.9,0.67,False,0.124
2026-05-23,Kochi,Tier 3,46.00000000000001,33.57142857142857,34.0,38.65,Medium,0.56,7.7,28.1,0.72,False,0.314
2026-05-23,Kolar,Tier 3,48.57142857142857,26.5,16.999999999999996,32.95357142857143,Medium,0.45,9.6,26.2,0.57,False,0.294
2026-05-23,Kolhapur,Tier 3,40.14285714285715,11.4,86.66666666666666,41.71380952380952,Medium,0.32,3.8,28.6,0.95,False,0.205
2026-05-23,Kolkata,Tier 1,68.0,10.799999999999999,78.66666666666669,50.646666666666675,Medium,0.69,3.6,30.8,0.92,False,0.47
2026-05-23,Kollam,Tier 3,44.28571428571428,39.42857142857143,22.85714285714287,37.22857142857143,Medium,0.51,4.1,27.8,0.58,False,0.398
2026-05-23,Korba,Tier 3,35.57142857142857,15.0,86.66666666666666,41.14523809523809,Medium,0.4,0.0,36.5,0.95,False,0.298
2026-05-23,Kozhikode,Tier 3,36.71428571428571,25.67857142857143,46.000000000000014,35.17321428571429,Medium,0.4,5.9,28.1,0.78,False,0.288
2026-05-23,Krishnagiri,Tier 3,44.42857142857143,11.357142857142858,13.000000000000004,24.996428571428574,Low,0.43,1.4,27.9,0.53,False,0.123
2026-05-23,Kurnool,Tier 3,48.0,3.3000000000000003,52.000000000000014,33.355000000000004,Medium,0.58,1.1,32.6,0.81,False,0.101
2026-05-23,Latur,Tier 3,39.85714285714286,2.6999999999999997,68.0,33.88785714285714,Medium,0.42,0.9,31.6,0.88,False,0.124
2026-05-23,Lucknow,Tier 2,53.2142857142857,15.0,17.285714285714285,30.857142857142854,Medium,0.54,0.0,36.5,0.5,False,0.228
2026-05-23,Ludhiana,Tier 2,34.714285714285715,0.3,18.0,18.490714285714287,Low,0.38,0.1,33.6,0.58,False,0.099
2026-05-23,Madurai,Tier 2,43.0,13.5,19.0,26.674999999999997,Low,0.53,4.5,32.7,0.59,False,0.105
2026-05-23,Malegaon,Tier 3,43.85714285714286,2.0999999999999996,19.0,23.027857142857144,Low,0.39,0.7,32.8,0.59,False,0.055
2026-05-23,Mandya,Tier 3,36.0,16.0,86.66666666666666,41.666666666666664,Medium,0.46,5.4,27.3,0.95,False,0.311
2026-05-23,Mangalore,Tier 3,46.00000000000001,34.67857142857143,86.66666666666666,52.204166666666666,Medium,0.56,5.6,27.4,0.95,False,0.514
2026-05-23,Mathura,Tier 3,36.85714285714286,12.000000000000028,16.000000000000007,22.942857142857157,Low,0.39,0.0,36.2,0.56,False,0.144
2026-05-23,Mau,Tier 3,46.14285714285715,3.9999999999999853,53.99999999999999,33.357142857142854,Medium,0.49,0.0,35.4,0.82,False,0.073
2026-05-23,Meerut,Tier 2,35.85714285714286,0.0,28.00000000000001,21.34285714285715,Low,0.42,0.0,34.4,0.68,False,0.045
2026-05-23,Mumbai,Tier 1,85.0,3.5999999999999996,19.0,40.01,Medium,0.78,1.2,31.6,0.59,True,0.551
2026-05-23,Muzaffarnagar,Tier 3,41.85714285714286,0.0,8.457142857142857,18.857142857142858,Low,0.42,0.0,33.7,0.4,False,0.181
2026-05-23,Muzaffarpur,Tier 3,40.85714285714286,1.5428571428571431,11.000000000000002,19.632857142857144,Low,0.4,0.0,32.2,0.51,False,0.131
2026-05-23,Mysore,Tier 3,38.57142857142857,36.0,68.3809523809524,45.12380952380953,Medium,0.47,13.4,26.3,0.88,False,0.487
2026-05-23,Nagercoil,Tier 3,39.57142857142858,11.82857142857143,86.66666666666666,41.635238095238094,Medium,0.33,1.9,29.8,0.95,False,0.21
2026-05-23,Nagpur,Tier 2,42.142857142857146,40.0,86.66666666666666,52.52380952380952,Medium,0.52,0.0,39.0,0.95,True,0.557
2026-05-23,Namakkal,Tier 3,63.49999999999999,5.3999999999999995,25.000000000000007,33.54,Medium,0.69,1.8,31.3,0.65,False,0.28
2026-05-23,Nanded,Tier 3,44.28571428571428,11.000000000000014,18.0,26.064285714285717,Low,0.46,0.1,36.1,0.58,False,0.115
2026-05-23,Nashik,Tier 2,37.0,12.0,86.66666666666666,40.666666666666664,Medium,0.39,4.0,29.9,0.95,False,0.238
2026-05-23,Navi Mumbai,Tier 2,52.785714285714285,8.399999999999999,83.99999999999999,45.05428571428571,Medium,0.5,2.8,31.9,0.94,False,0.348
2026-05-23,Nizamabad,Tier 3,38.999999999999986,8.999999999999986,60.0,33.749999999999986,Medium,0.42,0.0,35.9,0.85,False,0.132
2026-05-23,Noida,Tier 3,37.85714285714286,7.999999999999971,68.0,34.942857142857136,Medium,0.34,0.0,35.8,0.88,False,0.139
2026-05-23,Osmanabad,Tier 3,39.0,3.0,58.0,31.150000000000002,Medium,0.48,1.0,30.9,0.84,False,0.086
2026-05-23,Panipat,Tier 3,42.42857142857143,0.8999999999999999,18.0,21.786428571428573,Low,0.47,0.3,35.0,0.58,False,0.058
2026-05-23,Parbhani,Tier 3,41.142857142857146,5.0,18.571428571428566,22.85,Low,0.48,0.4,35.5,0.58,False,0.064
2026-05-23,Patiala,Tier 3,47.857142857142854,0.0,36.00000000000001,28.142857142857146,Low,0.47,0.0,34.3,0.73,False,0.049
2026-05-23,Patna,Tier 2,41.28571428571428,0.8999999999999999,26.000000000000007,23.329285714285717,Low,0.5,0.3,34.4,0.66,False,0.012
2026-05-23,Pune,Tier 1,66.5,5.1,86.66666666666666,50.05166666666666,Medium,0.71,1.7,29.0,0.95,False,0.459
2026-05-23,Purnia,Tier 3,43.14285714285714,2.5714285714285716,83.99999999999999,39.15714285714285,Medium,0.44,0.0,29.5,0.94,False,0.236
2026-05-23,Raichur,Tier 3,43.0,11.700000000000001,86.66666666666666,42.96166666666666,Medium,0.48,3.9,31.6,0.95,False,0.214
2026-05-23,Raipur,Tier 2,45.00000000000001,26.00000000000001,86.66666666666666,48.76666666666667,Medium,0.55,0.0,37.6,0.95,False,0.4
2026-05-23,Rajkot,Tier 2,26.571428571428573,2.4,44.000000000000014,22.468571428571433,Low,0.36,0.8,34.5,0.77,False,0.285
2026-05-23,Ramanagara,Tier 3,51.5,14.357142857142856,23.000000000000004,31.375,Medium,0.61,4.2,26.2,0.63,False,0.151
2026-05-23,Rampur,Tier 3,40.57142857142857,0.0,26.000000000000007,22.728571428571428,Low,0.46,0.0,33.1,0.66,False,0.014
2026-05-23,Ratlam,Tier 3,43.57142857142857,0.0,19.0,22.178571428571427,Low,0.44,0.0,33.2,0.59,False,0.03
2026-05-23,Rohtak,Tier 3,38.285714285714285,1.0000000000000142,78.66666666666669,35.33095238095239,Medium,0.44,0.1,35.1,0.92,False,0.19
2026-05-23,Rourkela,Tier 3,46.00000000000001,2.3142857142857145,42.00000000000001,29.71,Low,0.56,0.0,35.2,0.76,False,0.065
2026-05-23,Sagar,Tier 3,48.0,5.0,65.33333333333334,37.28333333333334,Medium,0.58,0.0,35.5,0.87,False,0.15
2026-05-23,Salem,Tier 3,43.85714285714286,5.185714285714285,58.0,33.85785714285714,Medium,0.51,1.2,30.8,0.84,False,0.072
2026-05-23,Sambalpur,Tier 3,38.14285714285714,0.4285714285714284,23.000000000000004,21.15714285714286,Low,0.35,0.0,34.3,0.63,False,0.031
2026-05-23,Sangli,Tier 3,49.0,7.800000000000001,36.00000000000003,31.33000000000001,Medium,0.59,2.6,29.2,0.72,False,0.109
2026-05-23,Satara,Tier 3,47.14285714285714,5.3999999999999995,18.0,25.247142857142858,Low,0.39,1.8,28.7,0.58,False,0.086
2026-05-23,Satna,Tier 3,43.57142857142857,10.0,24.000000000000004,26.928571428571427,Low,0.44,0.0,36.0,0.64,False,0.058
2026-05-23,Shahjahanpur,Tier 3,49.0,0.0,10.0,22.1,Low,0.59,0.0,33.3,0.5,False,0.128
2026-05-23,Shivamogga,Tier 3,42.42857142857143,18.25,22.0,28.85892857142857,Low,0.44,6.3,27.1,0.62,False,0.118
2026-05-23,Sivakasi,Tier 3,54.5,14.700000000000001,40.00000000000001,36.945,Medium,0.63,4.9,33.5,0.75,False,0.238
2026-05-23,Solapur,Tier 3,48.0,6.0,19.0,26.050000000000004,Low,0.58,2.0,32.0,0.59,False,0.093
2026-05-23,Sonipat,Tier 3,43.14285714285715,0.3,76.00000000000001,36.36214285714287,Medium,0.44,0.1,34.4,0.91,False,0.145
2026-05-23,Srinagar,Tier 2,30.57142857142857,10.114285714285712,40.00000000000001,25.768571428571427,Low,0.29,0.9,16.9,0.75,False,0.227
2026-05-23,Surat,Tier 2,54.5,0.0,42.00000000000001,32.300000000000004,Medium,0.61,0.0,33.0,0.76,False,0.145
2026-05-23,Thane,Tier 2,55.14285714285714,7.199999999999999,50.000000000000014,37.07714285714286,Medium,0.62,2.4,31.6,0.8,False,0.191
2026-05-23,Theni,Tier 3,44.57142857142857,4.8,32.0,27.50857142857143,Low,0.52,0.6,31.6,0.71,False,0.046
2026-05-23,Thiruvananthapuram,Tier 3,41.42857142857143,36.14285714285714,30.0,36.721428571428575,Medium,0.38,3.9,27.9,0.7,False,0.32
2026-05-23,Thoothukudi,Tier 3,45.14285714285714,2.5285714285714285,60.0,33.942142857142855,Medium,0.5,0.1,32.8,0.85,False,0.08
2026-05-23,Thrissur,Tier 3,46.285714285714285,28.64285714285714,68.0,45.53928571428571,Medium,0.41,5.6,27.6,0.88,False,0.379
2026-05-23,Tiruchirappalli,Tier 3,46.00000000000001,4.5,18.142857142857153,24.51071428571429,Low,0.56,1.5,31.7,0.58,False,0.06
2026-05-23,Tirunelveli,Tier 3,41.42857142857143,6.300000000000001,12.000000000000002,21.776428571428575,Low,0.47,2.1,32.7,0.52,False,0.128
2026-05-23,Tiruppur,Tier 3,35.57142857142857,19.0,65.33333333333334,37.21190476190476,Medium,0.45,6.6,30.2,0.87,False,0.3
2026-05-23,Tumakuru,Tier 3,43.0,22.75,58.0,39.662499999999994,Medium,0.53,8.1,25.8,0.84,False,0.253
2026-05-23,Tumkur,Tier 3,48.85714285714286,22.75,27.000000000000007,34.25535714285714,Medium,0.42,8.1,25.8,0.67,False,0.207
2026-05-23,Udaipur,Tier 3,38.14285714285714,0.0,60.38095238095239,30.352380952380955,Medium,0.48,0.0,33.6,0.84,False,0.094
2026-05-23,Vadodara,Tier 2,38.71428571428571,1.0000000000000142,13.000000000000004,19.08571428571429,Low,0.44,0.1,35.1,0.53,False,0.086
2026-05-23,Varanasi,Tier 2,30.285714285714292,25.0,86.66666666666666,42.530952380952385,Medium,0.34,0.0,37.5,0.95,False,0.499
2026-05-23,Vasai,Tier 3,39.285714285714285,0.4285714285714284,26.999999999999996,22.614285714285714,Low,0.45,0.0,32.4,0.66,False,0.023
2026-05-23,Vijayawada,Tier 2,49.42857142857143,13.999999999999984,65.33333333333334,41.00476190476191,Medium,0.55,0.0,36.4,0.87,False,0.255
2026-05-23,Virudhunagar,Tier 3,40.0,8.7,56.0,33.045,Medium,0.5,2.9,33.6,0.83,False,0.106
2026-05-23,Visakhapatnam,Tier 2,38.285714285714285,12.000000000000028,65.33333333333334,35.84761904761906,Medium,0.39,0.2,36.2,0.87,False,0.181
2026-05-23,Warangal,Tier 3,54.5,16.000000000000014,22.0,32.900000000000006,Medium,0.63,0.0,36.6,0.62,False,0.223
2026-05-24,Agra,Tier 2,29.000000000000004,17.99999999999997,42.00000000000001,28.39999999999999,Low,0.39,0.0,36.8,0.76,False,0.335
2026-05-24,Ahmedabad,Tier 2,60.28571428571427,6.000000000000014,72.57142857142854,44.35714285714285,Medium,0.62,0.0,35.6,0.89,False,0.309
2026-05-24,Ahmednagar,Tier 3,33.71428571428571,3.471428571428571,14.000000000000004,18.200714285714284,Low,0.42,0.3,30.7,0.54,False,0.163
2026-05-24,Akola,Tier 3,39.14285714285714,10.0,86.66666666666666,40.82380952380952,Medium,0.36,0.1,36.0,0.95,False,0.202
2026-05-24,Aligarh,Tier 3,42.71428571428572,2.9999999999999716,86.66666666666666,39.80238095238094,Medium,0.38,0.0,35.3,0.95,False,0.186
2026-05-24,Allahabad,Tier 2,34.0,21.000000000000014,27.000000000000007,27.70000000000001,Low,0.44,0.0,37.1,0.67,False,0.216
2026-05-24,Alwar,Tier 3,46.57142857142857,5.0,60.0,35.37857142857143,Medium,0.52,0.0,35.5,0.85,False,0.104
2026-05-24,Amravati,Tier 3,36.85714285714286,12.999999999999973,48.000000000000014,31.29285714285714,Medium,0.46,0.0,36.3,0.79,False,0.158
2026-05-24,Amritsar,Tier 2,35.0,0.2999999999999997,14.000000000000004,17.605,Low,0.45,0.0,33.4,0.54,False,0.101
2026-05-24,Anantapur,Tier 3,63.49999999999999,9.899999999999999,26.000000000000007,35.365,Medium,0.69,3.3,30.8,0.66,False,0.303
2026-05-24,Arrah,Tier 3,34.857142857142854,0.0857142857142855,40.00000000000001,23.972857142857144,Low,0.43,0.0,34.0,0.75,False,0.104
2026-05-24,Asansol,Tier 3,40.0,9.6,44.000000000000014,30.360000000000003,Medium,0.5,3.2,33.1,0.77,False,0.106
2026-05-24,Aurangabad,Tier 3,36.14285714285714,1.5,24.000000000000004,20.982142857142858,Low,0.41,0.5,32.2,0.64,False,0.068
2026-05-24,Avadi,Tier 3,41.42857142857143,4.5,76.00000000000001,37.14642857142857,Medium,0.45,1.5,33.0,0.91,False,0.141
2026-05-24,Bangalore,Tier 1,79.35714285714285,21.178571428571427,23.000000000000004,44.90535714285714,Medium,0.75,4.5,25.1,0.63,True,0.554
2026-05-24,Barasat,Tier 3,37.285714285714285,12.600000000000001,60.0,34.324285714285715,Medium,0.4,4.2,32.2,0.85,False,0.204
2026-05-24,Bardhaman,Tier 3,40.85714285714286,34.5,54.000000000000014,41.917857142857144,Medium,0.35,12.8,32.5,0.78,False,0.36
2026-05-24,Bareilly,Tier 3,39.14285714285714,0.0428571428571426,21.0,20.92214285714286,Low,0.37,0.0,33.3,0.61,False,0.029
2026-05-24,Bathinda,Tier 3,38.71428571428571,13.999999999999984,34.0,28.88571428571428,Low,0.48,0.0,36.4,0.72,False,0.111
2026-05-24,Begusarai,Tier 3,34.714285714285715,1.3714285714285717,14.000000000000004,17.865714285714287,Low,0.41,0.0,32.8,0.54,False,0.125
2026-05-24,Belgaum,Tier 3,30.285714285714292,6.771428571428571,64.19047619047618,30.531904761904762,Medium,0.25,0.0,26.6,0.82,False,0.285
2026-05-24,Bellary,Tier 3,39.85714285714286,36.25,36.00000000000001,37.63035714285714,Medium,0.46,13.5,29.9,0.73,False,0.352
2026-05-24,Bhagalpur,Tier 3,42.42857142857143,2.2714285714285714,9.6,20.16642857142857,Low,0.35,0.0,33.4,0.48,False,0.121
2026-05-24,Bharatpur,Tier 3,40.85714285714286,12.999999999999973,42.00000000000001,31.39285714285714,Medium,0.46,0.0,36.3,0.76,False,0.123
2026-05-24,Bhilwara,Tier 3,35.71428571428572,8.999999999999986,18.28571428571429,22.007142857142856,Low,0.39,0.0,35.9,0.57,False,0.141
2026-05-24,Bhopal,Tier 2,43.99999999999999,12.999999999999973,9.6,24.549999999999986,Low,0.48,0.0,36.3,0.48,False,0.17
2026-05-24,Bhubaneswar,Tier 3,42.57142857142857,6.385714285714287,86.66666666666666,40.930238095238096,Medium,0.46,0.0,33.1,0.95,False,0.18
2026-05-24,Bhusawal,Tier 3,47.0,0.2142857142857142,40.00000000000001,28.875,Low,0.57,0.0,34.9,0.75,False,0.079
2026-05-24,Bidar,Tier 3,47.00000000000001,2.2714285714285714,76.00000000000001,38.59500000000001,Medium,0.47,0.0,31.6,0.91,False,0.174
2026-05-24,Bijapur,Tier 3,48.85714285714286,3.814285714285715,23.000000000000004,26.627857142857145,Low,0.55,0.6,29.8,0.63,False,0.072
2026-05-24,Bilaspur,Tier 3,37.85714285714286,2.0000000000000284,16.999999999999996,20.092857142857156,Low,0.44,0.0,35.2,0.57,False,0.082
2026-05-24,Bokaro Steel City,Tier 3,49.85714285714287,0.0857142857142855,30.0,27.47285714285715,Low,0.51,0.0,34.2,0.7,False,0.063
2026-05-24,Chandigarh,Tier 2,40.0,0.8999999999999999,20.71428571428571,21.49357142857143,Low,0.41,0.3,33.5,0.52,False,0.035
2026-05-24,Chandrapur,Tier 3,49.0,37.99999999999997,40.00000000000001,42.89999999999999,Medium,0.49,0.0,38.8,0.75,False,0.415
2026-05-24,Chennai,Tier 1,71.00000000000001,0.8999999999999999,9.6,31.115000000000006,Medium,0.72,0.3,34.2,0.48,False,0.414
2026-05-24,Chikkaballapur,Tier 3,40.28571428571429,9.0,70.28571428571429,36.83571428571429,Medium,0.4,3.0,25.8,0.85,False,0.151
2026-05-24,Chitradurga,Tier 3,38.85714285714285,13.799999999999999,30.0,27.87285714285714,Low,0.36,4.6,27.3,0.7,False,0.08
2026-05-24,Coimbatore,Tier 2,41.0,7.199999999999999,40.00000000000001,28.92,Low,0.51,2.4,28.6,0.75,False,0.072
2026-05-24,Darbhanga,Tier 3,39.14285714285714,2.6571428571428575,50.000000000000014,29.08714285714286,Low,0.47,0.0,31.1,0.8,False,0.065
2026-05-24,Davangere,Tier 3,43.0,6.6000000000000005,58.0,34.01,Medium,0.53,2.2,27.1,0.84,False,0.074
2026-05-24,Dehradun,Tier 3,43.714285714285715,0.0857142857142855,76.00000000000001,36.515714285714296,Medium,0.44,0.0,28.2,0.91,False,0.168
2026-05-24,Delhi,Tier 1,81.99999999999999,11.000000000000014,86.66666666666666,58.31666666666666,Medium,0.82,0.0,36.1,0.95,True,0.642
2026-05-24,Dewas,Tier 3,42.0,0.6,86.66666666666666,38.67666666666666,Medium,0.52,0.2,34.4,0.95,False,0.199
2026-05-24,Dhanbad,Tier 3,38.0,0.2999999999999997,32.0,23.305,Low,0.48,0.0,34.5,0.71,False,0.034
2026-05-24,Dharmapuri,Tier 3,37.57142857142857,33.5,86.66666666666666,48.42023809523809,Medium,0.4,12.4,29.4,0.95,False,0.503
2026-05-24,Dhule,Tier 3,41.0,0.4285714285714284,32.0,24.55,Low,0.51,0.0,34.1,0.71,False,0.014
2026-05-24,Dindigul,Tier 3,44.14285714285715,3.9000000000000004,29.0,26.27214285714286,Low,0.46,1.3,31.9,0.69,False,0.039
2026-05-24,Durg,Tier 3,50.0,15.0,24.000000000000004,31.25,Medium,0.6,0.0,36.5,0.64,False,0.137
2026-05-24,Eluru,Tier 3,38.285714285714285,6.000000000000014,60.0,32.41428571428572,Medium,0.45,0.0,35.6,0.85,False,0.106
2026-05-24,Erode,Tier 3,54.5,17.0,86.66666666666666,49.416666666666664,Medium,0.63,5.8,32.0,0.95,False,0.403
2026-05-24,Etawah,Tier 3,39.0,8.999999999999986,86.66666666666666,40.41666666666666,Medium,0.49,0.0,35.9,0.95,False,0.207
2026-05-24,Faridabad,Tier 2,32.42857142857142,10.0,86.66666666666666,38.13809523809523,Medium,0.38,0.0,36.0,0.95,False,0.308
2026-05-24,Farrukhabad,Tier 3,43.14285714285715,1.0000000000000142,63.42857142857144,33.46428571428573,Medium,0.43,0.0,35.1,0.86,False,0.113
2026-05-24,Gandhinagar,Tier 3,36.0,2.0000000000000284,11.000000000000002,17.850000000000012,Low,0.46,0.0,35.2,0.51,False,0.165
2026-05-24,Ghaziabad,Tier 2,36.99999999999999,12.000000000000028,42.00000000000001,29.500000000000007,Low,0.4,0.0,36.2,0.76,False,0.136
2026-05-24,Gorakhpur,Tier 3,43.57142857142857,0.0,18.0,21.928571428571427,Low,0.5,0.0,33.1,0.58,False,0.039
2026-05-24,Greater Noida,Tier 3,40.57142857142857,10.0,76.00000000000001,38.72857142857143,Medium,0.38,0.0,36.0,0.91,False,0.195
2026-05-24,Gulbarga,Tier 3,35.0,5.228571428571429,73.33333333333334,34.163333333333334,Medium,0.43,1.4,31.9,0.9,False,0.168
2026-05-24,Gurgaon,Tier 3,44.0,0.0,26.285714285714295,24.171428571428574,Low,0.54,0.0,34.6,0.66,False,0.014
2026-05-24,Guwahati,Tier 3,38.42857142857143,22.249999999999996,10.0,25.65892857142857,Low,0.35,6.6,26.9,0.5,False,0.304
2026-05-24,Gwalior,Tier 3,37.71428571428571,27.999999999999968,60.0,39.88571428571427,Medium,0.31,0.0,37.8,0.85,False,0.339
2026-05-24,Hapur,Tier 3,43.714285714285715,0.2999999999999997,86.66666666666666,39.257380952380956,Medium,0.4,0.0,34.6,0.95,False,0.205
2026-05-24,Hassan,Tier 3,42.57142857142857,9.985714285714286,52.000000000000014,33.52357142857143,Medium,0.38,1.1,25.5,0.81,False,0.119
2026-05-24,Hospet,Tier 3,39.0,26.5,21.0,30.125,Medium,0.49,9.6,29.1,0.61,False,0.229
2026-05-24,Hosur,Tier 3,49.0,17.75,52.285714285714306,38.88392857142858,Medium,0.59,6.1,25.9,0.78,False,0.227
2026-05-24,Hubli,Tier 3,39.42857142857143,5.5285714285714285,86.66666666666666,39.37309523809523,Medium,0.46,0.0,27.6,0.95,False,0.193
2026-05-24,Hyderabad,Tier 1,57.5,0.942857142857143,15.000000000000005,27.08,Low,0.58,0.0,32.5,0.55,False,0.176
2026-05-24,Ichalkaranji,Tier 3,38.0,7.67142857142857,32.0,25.885,Low,0.46,0.9,28.8,0.71,False,0.077
2026-05-24,Imphal,Tier 3,38.14285714285714,9.899999999999999,73.33333333333334,37.05547619047619,Medium,0.45,3.3,25.2,0.9,False,0.174
2026-05-24,Indore,Tier 2,47.14285714285714,0.3,52.000000000000014,31.96214285714286,Medium,0.55,0.1,33.7,0.81,False,0.094
2026-05-24,Jabalpur,Tier 3,36.71428571428571,18.999999999999986,50.000000000000014,33.83571428571428,Medium,0.43,0.0,36.9,0.8,False,0.226
2026-05-24,Jaipur,Tier 2,49.71428571428571,18.999999999999986,86.66666666666666,48.20238095238095,Medium,0.54,0.0,36.9,0.95,False,0.353
2026-05-24,Jalandhar,Tier 3,39.14285714285714,0.0857142857142855,86.66666666666666,37.35380952380952,Medium,0.48,0.0,33.7,0.95,False,0.221
2026-05-24,Jalgaon,Tier 3,45.00000000000001,1.0000000000000142,60.0,33.35000000000001,Medium,0.46,0.0,35.1,0.85,False,0.085
2026-05-24,Jalna,Tier 3,40.57142857142857,0.6,76.00000000000001,35.438571428571436,Medium,0.44,0.0,33.5,0.91,False,0.145
2026-05-24,Jamshedpur,Tier 2,36.42857142857143,6.6000000000000005,86.66666666666666,38.548095238095236,Medium,0.36,2.2,34.6,0.95,False,0.222
2026-05-24,Junagadh,Tier 3,41.0,0.2571428571428571,86.66666666666666,38.156666666666666,Medium,0.51,0.0,32.6,0.95,False,0.205
2026-05-24,Kadapa,Tier 3,38.71428571428571,1.2,62.66666666666667,31.572380952380954,Medium,0.39,0.4,34.0,0.86,False,0.121
2026-05-24,Kalyan,Tier 3,42.42857142857143,13.200000000000001,30.0,29.091428571428573,Low,0.51,4.4,32.1,0.7,False,0.073
2026-05-24,Kanpur,Tier 2,48.28571428571429,22.00000000000003,53.99999999999999,40.51428571428573,Medium,0.58,0.0,37.2,0.82,False,0.268
2026-05-24,Kanyakumari,Tier 3,36.0,3.771428571428572,15.000000000000005,19.470000000000002,Low,0.46,0.2,29.2,0.55,False,0.11
2026-05-24,Karimnagar,Tier 3,43.714285714285715,12.000000000000028,23.000000000000004,27.435714285714297,Low,0.47,0.0,36.2,0.63,False,0.068
2026-05-24,Karnal,Tier 3,44.0,0.0,56.0,31.6,Medium,0.54,0.0,35.0,0.83,False,0.069
2026-05-24,Karur,Tier 3,34.857142857142854,18.75,81.33333333333334,40.83869047619048,Medium,0.41,6.5,31.8,0.93,False,0.377
2026-05-24,Khammam,Tier 3,36.28571428571429,12.000000000000028,22.142857142857135,24.250000000000014,Low,0.44,0.0,36.2,0.58,False,0.11
2026-05-24,Kochi,Tier 3,41.85714285714286,70.53999999999999,28.00000000000001,48.43185714285714,Medium,0.45,30.9,26.9,0.68,True,0.768
2026-05-24,Kolar,Tier 3,48.85714285714286,12.042857142857143,21.0,29.007857142857144,Low,0.45,2.4,26.9,0.61,False,0.118
2026-05-24,Kolhapur,Tier 3,38.0,6.471428571428571,86.66666666666666,39.13166666666666,Medium,0.34,0.2,27.6,0.95,False,0.205
2026-05-24,Kolkata,Tier 1,66.71428571428572,9.214285714285717,86.66666666666666,51.577380952380956,Medium,0.65,2.2,32.8,0.95,False,0.464
2026-05-24,Kollam,Tier 3,43.85714285714286,50.8,29.0,42.572857142857146,Medium,0.44,20.4,26.9,0.69,True,0.552
2026-05-24,Korba,Tier 3,40.0,7.000000000000028,86.66666666666666,40.116666666666674,Medium,0.5,0.0,35.7,0.95,False,0.186
2026-05-24,Kozhikode,Tier 3,42.0,40.0,58.0,45.3,Medium,0.52,15.0,27.6,0.84,False,0.428
2026-05-24,Krishnagiri,Tier 3,43.285714285714285,12.985714285714288,9.8,24.30928571428571,Low,0.53,4.2,29.6,0.49,False,0.165
2026-05-24,Kurnool,Tier 3,44.28571428571428,3.5999999999999996,52.000000000000014,31.974285714285717,Medium,0.35,1.2,32.3,0.81,False,0.065
2026-05-24,Latur,Tier 3,38.0,0.5142857142857142,46.857142857142875,27.094285714285718,Low,0.43,0.0,32.0,0.78,False,0.071
2026-05-24,Lucknow,Tier 2,63.49999999999999,15.0,22.0,36.15,Medium,0.69,0.0,36.5,0.62,False,0.328
2026-05-24,Ludhiana,Tier 2,33.0,0.0857142857142855,19.0,17.98,Low,0.35,0.0,33.8,0.59,False,0.123
2026-05-24,Madurai,Tier 2,45.00000000000001,11.4,9.857142857142858,24.454285714285717,Low,0.55,3.8,33.8,0.45,False,0.159
2026-05-24,Malegaon,Tier 3,43.0,3.5999999999999996,21.0,23.71,Low,0.49,1.2,33.2,0.61,False,0.04
2026-05-24,Mandya,Tier 3,35.57142857142857,11.271428571428572,81.33333333333334,38.506904761904764,Medium,0.44,2.1,27.5,0.93,False,0.289
2026-05-24,Mangalore,Tier 3,40.57142857142857,33.17857142857143,86.66666666666666,49.507738095238096,Medium,0.48,2.8,27.4,0.95,False,0.483
2026-05-24,Mathura,Tier 3,36.57142857142857,12.000000000000028,15.000000000000005,22.578571428571436,Low,0.45,0.0,36.2,0.55,False,0.154
2026-05-24,Mau,Tier 3,43.714285714285715,0.0,78.66666666666669,37.15238095238096,Medium,0.38,0.0,34.0,0.92,False,0.2
2026-05-24,Meerut,Tier 2,45.00000000000001,2.0000000000000284,25.000000000000007,24.950000000000017,Low,0.55,0.0,35.2,0.65,False,0.047
2026-05-24,Mumbai,Tier 1,95.0,9.3,12.000000000000002,44.255,Medium,0.95,3.1,31.4,0.52,True,0.679
2026-05-24,Muzaffarnagar,Tier 3,42.142857142857146,0.0,9.200000000000001,19.15714285714286,Low,0.4,0.0,34.5,0.46,False,0.13
2026-05-24,Muzaffarpur,Tier 3,39.857142857142854,1.6714285714285715,30.0,24.027857142857144,Low,0.34,0.3,31.6,0.7,False,0.026
2026-05-24,Mysore,Tier 3,40.42857142857144,22.0,86.66666666666666,45.53809523809524,Medium,0.45,7.8,27.1,0.95,False,0.339
2026-05-24,Nagercoil,Tier 3,37.14285714285715,7.285714285714285,86.66666666666666,39.07380952380953,Medium,0.37,1.4,28.6,0.95,False,0.216
2026-05-24,Nagpur,Tier 2,45.71428571428572,32.99999999999997,86.66666666666666,51.502380952380946,Medium,0.53,0.0,38.3,0.95,False,0.485
2026-05-24,Namakkal,Tier 3,46.14285714285714,29.25,10.571428571428568,31.337499999999995,Medium,0.47,10.7,32.2,0.47,False,0.345
2026-05-24,Nanded,Tier 3,43.714285714285715,6.000000000000014,34.0,28.085714285714293,Low,0.4,0.0,35.6,0.72,False,0.05
2026-05-24,Nashik,Tier 2,36.71428571428572,12.600000000000001,86.66666666666666,40.76238095238095,Medium,0.38,4.2,29.1,0.95,False,0.258
2026-05-24,Navi Mumbai,Tier 2,53.42857142857144,19.25,86.66666666666666,49.77559523809524,Medium,0.54,6.7,31.4,0.95,False,0.399
2026-05-24,Nizamabad,Tier 3,42.0,7.000000000000028,58.0,33.750000000000014,Medium,0.52,0.0,35.7,0.84,False,0.076
2026-05-24,Noida,Tier 3,37.57142857142856,12.000000000000028,48.285714285714256,31.299999999999997,Medium,0.41,0.0,36.2,0.78,False,0.141
2026-05-24,Osmanabad,Tier 3,53.0,0.8999999999999999,41.42857142857143,31.87214285714286,Medium,0.62,0.0,30.8,0.7,False,0.132
2026-05-24,Panipat,Tier 3,42.285714285714285,7.000000000000028,10.0,21.864285714285725,Low,0.44,0.0,35.7,0.5,False,0.139
2026-05-24,Parbhani,Tier 3,40.0,2.9999999999999716,42.00000000000001,27.54999999999999,Low,0.34,0.0,35.3,0.76,False,0.068
2026-05-24,Patiala,Tier 3,48.71428571428571,0.0,36.00000000000001,28.485714285714288,Low,0.45,0.0,34.6,0.73,False,0.053
2026-05-24,Patna,Tier 2,56.0,0.3428571428571429,25.000000000000007,28.770000000000003,Low,0.64,0.0,34.1,0.65,False,0.157
2026-05-24,Pune,Tier 1,65.85714285714286,10.799999999999999,62.66666666666667,45.789523809523814,Medium,0.59,3.6,29.8,0.85,False,0.399
2026-05-24,Purnia,Tier 3,43.0,2.5714285714285716,65.33333333333334,34.43333333333334,Medium,0.48,0.0,30.1,0.87,False,0.102
2026-05-24,Raichur,Tier 3,42.71428571428571,2.357142857142857,83.99999999999999,38.91071428571428,Medium,0.43,0.4,31.2,0.94,False,0.228
2026-05-24,Raipur,Tier 2,42.85714285714286,17.00000000000003,86.66666666666666,44.75952380952382,Medium,0.47,0.0,36.7,0.95,False,0.273
2026-05-24,Rajkot,Tier 2,26.571428571428573,6.0,53.99999999999999,26.228571428571428,Low,0.27,2.0,34.1,0.82,False,0.34
2026-05-24,Ramanagara,Tier 3,41.714285714285715,16.178571428571427,25.000000000000007,28.598214285714285,Low,0.5,4.9,26.9,0.65,False,0.1
2026-05-24,Rampur,Tier 3,41.714285714285715,0.0,25.000000000000007,22.93571428571429,Low,0.44,0.0,33.5,0.65,False,0.007
2026-05-24,Ratlam,Tier 3,42.714285714285715,0.0,9.6,19.485714285714284,Low,0.48,0.0,33.0,0.48,False,0.102
2026-05-24,Rohtak,Tier 3,38.85714285714285,3.9999999999999853,70.66666666666667,34.6095238095238,Medium,0.4,0.0,35.4,0.89,False,0.11
2026-05-24,Rourkela,Tier 3,45.428571428571445,1.457142857142857,26.000000000000007,25.181428571428583,Low,0.41,0.3,34.7,0.63,False,0.043
2026-05-24,Sagar,Tier 3,45.285714285714285,7.999999999999971,23.57142857142858,26.80714285714285,Low,0.38,0.0,35.8,0.61,False,0.057
2026-05-24,Salem,Tier 3,41.57142857142857,22.5,86.66666666666666,46.17023809523809,Medium,0.4,8.0,31.6,0.95,False,0.34
2026-05-24,Sambalpur,Tier 3,59.00000000000001,0.4285714285714284,42.00000000000001,34.25000000000001,Medium,0.66,0.0,33.8,0.76,False,0.238
2026-05-24,Sangli,Tier 3,36.99999999999999,4.714285714285714,36.00000000000003,25.450000000000003,Low,0.44,1.0,28.9,0.72,False,0.069
2026-05-24,Satara,Tier 3,47.428571428571416,9.6,11.28571428571429,25.15285714285714,Low,0.44,3.2,28.1,0.46,False,0.159
2026-05-24,Satna,Tier 3,43.14285714285714,15.0,16.999999999999996,26.757142857142856,Low,0.41,0.0,36.5,0.57,False,0.139
2026-05-24,Shahjahanpur,Tier 3,45.71428571428572,0.0,13.000000000000004,21.53571428571429,Low,0.51,0.0,33.6,0.53,False,0.067
2026-05-24,Shivamogga,Tier 3,40.85714285714286,6.085714285714285,15.000000000000005,22.222857142857144,Low,0.42,1.0,27.2,0.55,False,0.091
2026-05-24,Sivakasi,Tier 3,45.00000000000001,31.75,16.85714285714286,33.32678571428572,Medium,0.5,11.7,34.8,0.56,False,0.323
2026-05-24,Solapur,Tier 3,46.42857142857143,3.3000000000000003,15.000000000000005,23.476428571428574,Low,0.43,1.1,31.7,0.55,False,0.073
2026-05-24,Sonipat,Tier 3,41.714285714285715,0.0428571428571426,86.66666666666666,38.367380952380955,Medium,0.46,0.0,35.0,0.95,False,0.213
2026-05-24,Srinagar,Tier 2,26.428571428571423,10.542857142857141,46.000000000000014,25.761428571428574,Low,0.25,1.0,17.9,0.78,False,0.343
2026-05-24,Surat,Tier 2,50.85714285714287,0.0,32.0,28.34285714285715,Low,0.49,0.0,33.2,0.71,False,0.066
2026-05-24,Thane,Tier 2,55.999999999999986,20.0,56.0,43.39999999999999,Medium,0.62,7.0,31.9,0.83,False,0.33
2026-05-24,Theni,Tier 3,49.0,3.685714285714287,44.000000000000014,31.890000000000004,Medium,0.59,1.0,31.9,0.77,False,0.085
2026-05-24,Thiruvananthapuram,Tier 3,42.0,67.0,24.000000000000004,46.25,Medium,0.52,28.5,26.2,0.64,True,0.743
2026-05-24,Thoothukudi,Tier 3,46.14285714285715,3.3000000000000003,68.0,36.612142857142864,Medium,0.49,1.1,34.0,0.88,False,0.117
2026-05-24,Thrissur,Tier 3,46.14285714285714,45.8,68.0,51.48714285714286,Medium,0.45,17.9,27.4,0.88,True,0.592
2026-05-24,Tiruchirappalli,Tier 3,43.0,3.5999999999999996,42.00000000000001,28.96,Low,0.5,1.2,32.0,0.76,False,0.06
2026-05-24,Tirunelveli,Tier 3,41.714285714285715,9.3,22.0,25.440714285714286,Low,0.48,3.1,33.1,0.62,False,0.067
2026-05-24,Tiruppur,Tier 3,35.99999999999999,8.399999999999999,65.33333333333334,33.67333333333333,Medium,0.44,2.8,30.8,0.87,False,0.169
2026-05-24,Tumakuru,Tier 3,48.0,28.75,48.000000000000014,41.2625,Medium,0.58,10.5,26.3,0.79,False,0.318
2026-05-24,Tumkur,Tier 3,46.57142857142857,28.75,28.00000000000001,35.69107142857143,Medium,0.43,10.5,26.3,0.68,False,0.247
2026-05-24,Udaipur,Tier 3,37.0,0.0,59.14285714285715,29.58571428571429,Low,0.39,0.0,33.5,0.84,False,0.1
2026-05-24,Vadodara,Tier 2,37.85714285714286,7.000000000000028,15.000000000000005,21.342857142857156,Low,0.44,0.0,35.7,0.55,False,0.113
2026-05-24,Varanasi,Tier 2,30.714285714285708,30.0,86.66666666666666,44.45238095238095,Medium,0.39,0.0,38.0,0.95,False,0.535
2026-05-24,Vasai,Tier 3,39.42857142857143,10.799999999999999,36.00000000000001,28.551428571428573,Low,0.47,3.6,30.9,0.73,False,0.089
2026-05-24,Vijayawada,Tier 2,48.428571428571445,22.00000000000003,56.0,41.07142857142859,Medium,0.44,0.4,37.2,0.83,False,0.274
2026-05-24,Virudhunagar,Tier 3,39.0,23.25,86.66666666666666,45.40416666666667,Medium,0.49,8.3,33.8,0.95,False,0.352
2026-05-24,Visakhapatnam,Tier 2,39.57142857142856,0.7714285714285716,38.00000000000001,25.598571428571425,Low,0.46,0.0,34.4,0.74,False,0.043
2026-05-24,Warangal,Tier 3,47.0,15.0,13.000000000000004,27.3,Low,0.44,0.0,36.5,0.53,False,0.156
